policy,budget,replication,draw_id,demand_point_id,facility_id,triage,period,scenario_id,assigned_casualties,distance_km
B25_rep1,25,1,100000,SD001,S392,T3,1,100000,257.84,72.552
B25_rep1,25,1,100000,SD005,JH_H011,T3,1,100000,30.0,0.535
B25_rep1,25,1,100000,SD005,JH_H011,T3,2,100000,30.0,0.535
B25_rep1,25,1,100000,SD005,JH_H011,T3,3,100000,30.0,0.535
B25_rep1,25,1,100000,SD005,JH_H011,T3,4,100000,24.79,0.535
B25_rep1,25,1,100000,SD001,S394,T3,1,100000,1290.0,72.126
B25_rep1,25,1,100000,SD007,S574,T2,3,100000,333.0,55.3
B25_rep1,25,1,100000,SD007,S574,T2,4,100000,70.82,55.3
B25_rep1,25,1,100000,SD004,S378,T2,1,100000,80.59,65.835
B25_rep1,25,1,100000,SD004,S378,T2,2,100000,234.13,65.835
B25_rep1,25,1,100000,SD006,S500,T2,3,100000,255.0,71.662
B25_rep1,25,1,100000,SD004,JH_H013,T3,1,100000,102.22,2.684
B25_rep1,25,1,100000,SD004,JH_H013,T3,2,100000,102.22,2.684
B25_rep1,25,1,100000,SD004,JH_H013,T3,3,100000,102.22,2.684
B25_rep1,25,1,100000,SD004,JH_H013,T3,4,100000,102.22,2.684
B25_rep1,25,1,100000,SD006,S189,T3,1,100000,576.9,126.788
B25_rep1,25,1,100000,SD004,S662,T2,1,100000,506.0,3.085
B25_rep1,25,1,100000,SD004,S662,T2,2,100000,506.0,3.085
B25_rep1,25,1,100000,SD003,JH_H011,T3,4,100000,5.21,35.272
B25_rep1,25,1,100000,SD006,S788,T2,2,100000,291.28,143.976
B25_rep1,25,1,100000,SD002,JH_H006,T3,1,100000,330.0,49.579
B25_rep1,25,1,100000,SD010,S671,T3,1,100000,1340.78,53.272
B25_rep1,25,1,100000,SD009,S625,T2,2,100000,332.0,2.214
B25_rep1,25,1,100000,SD001,S574,T3,1,100000,917.65,71.897
B25_rep1,25,1,100000,SD004,JH_H014,T1,1,100000,29.85,0.324
B25_rep1,25,1,100000,SD004,JH_H014,T1,2,100000,29.85,0.324
B25_rep1,25,1,100000,SD004,JH_H014,T1,3,100000,29.85,0.324
B25_rep1,25,1,100000,SD009,S208,T2,2,100000,22.3,74.474
B25_rep1,25,1,100000,SD004,JH_H001,T1,1,100000,962.22,10.7
B25_rep1,25,1,100000,SD004,JH_H001,T1,2,100000,962.22,10.7
B25_rep1,25,1,100000,SD004,JH_H001,T1,3,100000,962.22,10.7
B25_rep1,25,1,100000,SD004,JH_H001,T1,4,100000,564.06,10.7
B25_rep1,25,1,100000,SD009,JH_H012,T1,1,100000,50.37,1.458
B25_rep1,25,1,100000,SD009,JH_H012,T1,2,100000,50.37,1.458
B25_rep1,25,1,100000,SD009,JH_H012,T1,3,100000,50.37,1.458
B25_rep1,25,1,100000,SD009,JH_H012,T1,4,100000,50.37,1.458
B25_rep1,25,1,100000,SD007,S574,T3,1,100000,81.35,55.3
B25_rep1,25,1,100000,SD005,JH_H011,T1,1,100000,10.0,0.535
B25_rep1,25,1,100000,SD005,JH_H011,T1,2,100000,10.0,0.535
B25_rep1,25,1,100000,SD005,JH_H011,T1,3,100000,10.0,0.535
B25_rep1,25,1,100000,SD005,JH_H011,T1,4,100000,10.0,0.535
B25_rep1,25,1,100000,SD004,S516,T2,1,100000,350.0,2.815
B25_rep1,25,1,100000,SD004,S516,T2,2,100000,350.0,2.815
B25_rep1,25,1,100000,SD004,S662,T3,1,100000,1518.0,3.085
B25_rep1,25,1,100000,SD011,S208,T2,1,100000,335.12,60.735
B25_rep1,25,1,100000,SD006,JH_H015,T3,1,100000,150.0,0.645
B25_rep1,25,1,100000,SD006,JH_H015,T3,2,100000,150.0,0.645
B25_rep1,25,1,100000,SD006,JH_H015,T3,3,100000,150.0,0.645
B25_rep1,25,1,100000,SD006,JH_H015,T3,4,100000,150.0,0.645
B25_rep1,25,1,100000,SD006,S600,T2,3,100000,165.67,72.434
B25_rep1,25,1,100000,SD004,S488,T2,3,100000,586.25,1.841
B25_rep1,25,1,100000,SD004,S488,T2,4,100000,262.59,1.841
B25_rep1,25,1,100000,SD009,S208,T3,1,100000,369.94,74.474
B25_rep1,25,1,100000,SD009,JH_H014,T1,4,100000,29.85,0.447
B25_rep1,25,1,100000,SD009,S476,T2,1,100000,442.0,2.398
B25_rep1,25,1,100000,SD009,S476,T2,2,100000,442.0,2.398
B25_rep1,25,1,100000,SD009,S476,T2,3,100000,442.0,2.398
B25_rep1,25,1,100000,SD007,JH_H007,T1,1,100000,75.0,4.981
B25_rep1,25,1,100000,SD007,JH_H007,T1,2,100000,75.0,4.981
B25_rep1,25,1,100000,SD007,JH_H007,T1,3,100000,75.0,4.981
B25_rep1,25,1,100000,SD007,JH_H007,T1,4,100000,75.0,4.981
B25_rep1,25,1,100000,SD006,JH_H003,T3,1,100000,1134.0,2.765
B25_rep1,25,1,100000,SD006,JH_H003,T3,2,100000,1134.0,2.765
B25_rep1,25,1,100000,SD006,JH_H003,T3,3,100000,1134.0,2.765
B25_rep1,25,1,100000,SD006,JH_H003,T3,4,100000,299.66,2.765
B25_rep1,25,1,100000,SD009,S574,T2,1,100000,333.0,8.6
B25_rep1,25,1,100000,SD006,S378,T3,1,100000,711.08,120.628
B25_rep1,25,1,100000,SD006,S662,T2,3,100000,453.01,71.95
B25_rep1,25,1,100000,SD001,JH_H002,T3,2,100000,764.59,73.357
B25_rep1,25,1,100000,SD001,JH_H002,T3,3,100000,35.13,73.357
B25_rep1,25,1,100000,SD004,S516,T3,1,100000,1050.0,2.815
B25_rep1,25,1,100000,SD004,S516,T3,2,100000,412.71,2.815
B25_rep1,25,1,100000,SD008,S576,T2,3,100000,31.87,54.011
B25_rep1,25,1,100000,SD008,S576,T2,4,100000,15.34,54.011
B25_rep1,25,1,100000,SD008,S794,T2,2,100000,151.0,64.487
B25_rep1,25,1,100000,SD009,S600,T3,1,100000,579.0,4.069
B25_rep1,25,1,100000,SD004,JH_H001,T3,1,100000,2886.67,10.7
B25_rep1,25,1,100000,SD004,JH_H001,T3,2,100000,2422.01,10.7
B25_rep1,25,1,100000,SD004,JH_H001,T3,3,100000,1434.61,10.7
B25_rep1,25,1,100000,SD009,JH_H012,T3,1,100000,151.1,1.458
B25_rep1,25,1,100000,SD009,JH_H012,T3,2,100000,151.1,1.458
B25_rep1,25,1,100000,SD009,JH_H012,T3,3,100000,151.1,1.458
B25_rep1,25,1,100000,SD009,S213,T2,2,100000,241.81,73.366
B25_rep1,25,1,100000,SD009,S476,T3,1,100000,1326.0,2.398
B25_rep1,25,1,100000,SD009,S476,T3,2,100000,1326.0,2.398
B25_rep1,25,1,100000,SD009,S500,T2,1,100000,255.0,3.512
B25_rep1,25,1,100000,SD009,S500,T2,2,100000,255.0,3.512
B25_rep1,25,1,100000,SD003,JH_H010,T3,4,100000,13.85,28.492
B25_rep1,25,1,100000,SD006,JH_H015,T1,1,100000,50.0,0.645
B25_rep1,25,1,100000,SD006,JH_H015,T1,2,100000,50.0,0.645
B25_rep1,25,1,100000,SD006,JH_H015,T1,3,100000,50.0,0.645
B25_rep1,25,1,100000,SD006,JH_H015,T1,4,100000,50.0,0.645
B25_rep1,25,1,100000,SD002,S555,T2,3,100000,82.63,42.911
B25_rep1,25,1,100000,SD006,S516,T2,3,100000,350.0,71.567
B25_rep1,25,1,100000,SD009,JH_H001,T3,3,100000,806.36,10.94
B25_rep1,25,1,100000,SD008,S576,T3,2,100000,90.74,54.011
B25_rep1,25,1,100000,SD008,S794,T3,1,100000,281.96,64.487
B25_rep1,25,1,100000,SD002,JH_H002,T3,1,100000,412.16,41.516
B25_rep1,25,1,100000,SD002,JH_H002,T3,2,100000,257.03,41.516
B25_rep1,25,1,100000,SD002,JH_H002,T3,3,100000,48.1,41.516
B25_rep1,25,1,100000,SD009,S394,T2,1,100000,430.0,7.559
B25_rep1,25,1,100000,SD009,S394,T2,2,100000,430.0,7.559
B25_rep1,25,1,100000,SD009,S213,T3,1,100000,538.57,73.366
B25_rep1,25,1,100000,SD006,JH_H003,T1,1,100000,378.0,2.765
B25_rep1,25,1,100000,SD006,JH_H003,T1,2,100000,378.0,2.765
B25_rep1,25,1,100000,SD006,JH_H003,T1,3,100000,378.0,2.765
B25_rep1,25,1,100000,SD006,JH_H003,T1,4,100000,378.0,2.765
B25_rep1,25,1,100000,SD009,JH_H014,T3,1,100000,89.56,0.447
B25_rep1,25,1,100000,SD009,JH_H014,T3,2,100000,89.56,0.447
B25_rep1,25,1,100000,SD009,JH_H014,T3,3,100000,89.56,0.447
B25_rep1,25,1,100000,SD011,JH_H006,T3,2,100000,330.0,1.715
B25_rep1,25,1,100000,SD011,JH_H006,T3,3,100000,330.0,1.715
B25_rep1,25,1,100000,SD011,JH_H006,T3,4,100000,160.53,1.715
B25_rep1,25,1,100000,SD007,JH_H007,T3,1,100000,225.0,4.981
B25_rep1,25,1,100000,SD007,JH_H007,T3,2,100000,225.0,4.981
B25_rep1,25,1,100000,SD007,JH_H007,T3,3,100000,221.0,4.981
B25_rep1,25,1,100000,SD007,JH_H007,T3,4,100000,118.04,4.981
B25_rep1,25,1,100000,SD009,S500,T3,1,100000,765.0,3.512
B25_rep1,25,1,100000,SD011,S213,T2,1,100000,552.0,59.61
B25_rep1,25,1,100000,SD011,S213,T2,2,100000,310.19,59.61
B25_rep1,25,1,100000,SD002,S212,T2,2,100000,99.43,108.515
B25_rep1,25,1,100000,SD009,S392,T3,1,100000,1287.16,6.348
B25_rep1,25,1,100000,SD009,JH_H002,T1,1,100000,510.95,8.677
B25_rep1,25,1,100000,SD009,JH_H002,T1,2,100000,510.95,8.677
B25_rep1,25,1,100000,SD009,JH_H002,T1,3,100000,510.95,8.677
B25_rep1,25,1,100000,SD009,JH_H002,T1,4,100000,510.95,8.677
B25_rep1,25,1,100000,SD002,S574,T2,2,100000,333.0,41.976
B25_rep1,25,1,100000,SD002,S574,T2,4,100000,41.31,41.976
B25_rep1,25,1,100000,SD005,S788,T2,2,100000,14.72,129.555
B25_rep1,25,1,100000,SD011,JH_H001,T3,2,100000,464.66,18.954
B25_rep1,25,1,100000,SD004,JH_H002,T3,4,100000,425.54,9.309
B25_rep1,25,1,100000,SD009,JH_H001,T1,4,100000,398.16,10.94
B25_rep1,25,1,100000,SD006,S576,T3,1,100000,1679.55,79.623
B25_rep1,25,1,100000,SD006,S794,T3,1,100000,171.04,97.296
B25_rep1,25,1,100000,SD011,S213,T3,1,100000,1117.43,59.61
B25_rep1,25,1,100000,SD009,S600,T2,1,100000,193.0,4.069
B25_rep1,25,1,100000,SD009,S600,T2,2,100000,193.0,4.069
B25_rep1,25,1,100000,SD001,JH_H004,T1,1,100000,150.0,1.855
B25_rep1,25,1,100000,SD001,JH_H004,T1,2,100000,150.0,1.855
B25_rep1,25,1,100000,SD001,JH_H004,T1,3,100000,150.0,1.855
B25_rep1,25,1,100000,SD001,JH_H004,T1,4,100000,150.0,1.855
B25_rep1,25,1,100000,SD010,S189,T3,1,100000,890.1,47.418
B25_rep1,25,1,100000,SD003,JH_H001,T3,3,100000,260.59,37.405
B25_rep1,25,1,100000,SD003,JH_H001,T3,4,100000,5.23,37.405
B25_rep1,25,1,100000,SD006,S653,T2,3,100000,226.0,71.959
B25_rep1,25,1,100000,SD011,JH_H006,T1,1,100000,110.0,1.715
B25_rep1,25,1,100000,SD011,JH_H006,T1,2,100000,110.0,1.715
B25_rep1,25,1,100000,SD011,JH_H006,T1,3,100000,110.0,1.715
B25_rep1,25,1,100000,SD011,JH_H006,T1,4,100000,110.0,1.715
B25_rep1,25,1,100000,SD009,S492,T2,1,100000,479.0,4.002
B25_rep1,25,1,100000,SD009,S492,T2,2,100000,479.0,4.002
B25_rep1,25,1,100000,SD009,S492,T2,3,100000,403.04,4.002
B25_rep1,25,1,100000,SD010,JH_H001,T3,3,100000,371.81,25.229
B25_rep1,25,1,100000,SD010,JH_H001,T3,4,100000,185.32,25.229
B25_rep1,25,1,100000,SD010,S788,T2,1,100000,306.0,70.734
B25_rep1,25,1,100000,SD006,JH_H002,T3,2,100000,141.34,75.416
B25_rep1,25,1,100000,SD006,JH_H002,T3,3,100000,32.29,75.416
B25_rep1,25,1,100000,SD003,S794,T2,1,100000,151.0,50.36
B25_rep1,25,1,100000,SD009,JH_H002,T3,3,100000,1311.06,8.677
B25_rep1,25,1,100000,SD009,JH_H002,T3,4,100000,1041.08,8.677
B25_rep1,25,1,100000,SD005,S662,T2,3,100000,52.99,56.951
B25_rep1,25,1,100000,SD009,S488,T2,1,100000,887.0,1.459
B25_rep1,25,1,100000,SD009,S488,T2,2,100000,887.0,1.459
B25_rep1,25,1,100000,SD009,S488,T2,3,100000,300.75,1.459
B25_rep1,25,1,100000,SD009,S488,T2,4,100000,624.41,1.459
B25_rep1,25,1,100000,SD009,S555,T2,1,100000,344.0,7.248
B25_rep1,25,1,100000,SD009,S555,T2,2,100000,344.0,7.248
B25_rep1,25,1,100000,SD009,S392,T2,1,100000,515.0,6.348
B25_rep1,25,1,100000,SD009,S392,T2,2,100000,515.0,6.348
B25_rep1,25,1,100000,SD009,S492,T3,1,100000,1437.0,4.002
B25_rep1,25,1,100000,SD010,S378,T2,1,100000,364.41,41.442
B25_rep1,25,1,100000,SD010,S378,T2,2,100000,210.87,41.442
B25_rep1,25,1,100000,SD004,S671,T2,1,100000,635.0,74.405
B25_rep1,25,1,100000,SD004,S671,T2,2,100000,635.0,74.405
B25_rep1,25,1,100000,SD004,S625,T2,1,100000,332.0,2.078
B25_rep1,25,1,100000,SD004,S625,T2,3,100000,162.62,2.078
B25_rep1,25,1,100000,SD004,S625,T2,4,100000,24.75,2.078
B25_rep1,25,1,100000,SD004,S208,T2,1,100000,648.88,74.312
B25_rep1,25,1,100000,SD004,S208,T2,2,100000,961.7,74.312
B25_rep1,25,1,100000,SD011,S492,T2,3,100000,75.96,22.983
B25_rep1,25,1,100000,SD001,JH_H004,T3,1,100000,450.0,1.855
B25_rep1,25,1,100000,SD001,JH_H004,T3,2,100000,450.0,1.855
B25_rep1,25,1,100000,SD001,JH_H004,T3,3,100000,450.0,1.855
B25_rep1,25,1,100000,SD001,JH_H004,T3,4,100000,241.97,1.855
B25_rep1,25,1,100000,SD005,JH_H002,T3,3,100000,90.03,61.497
B25_rep1,25,1,100000,SD009,S488,T3,1,100000,2661.0,1.459
B25_rep1,25,1,100000,SD009,S488,T3,2,100000,2661.0,1.459
B25_rep1,25,1,100000,SD001,S500,T2,4,100000,145.18,71.515
B25_rep1,25,1,100000,SD011,S212,T2,1,100000,272.0,59.529
B25_rep1,25,1,100000,SD011,S212,T2,2,100000,172.57,59.529
B25_rep1,25,1,100000,SD009,S555,T3,1,100000,1032.0,7.248
B25_rep1,25,1,100000,SD004,S585,T2,1,100000,173.0,1.015
B25_rep1,25,1,100000,SD004,S585,T2,2,100000,173.0,1.015
B25_rep1,25,1,100000,SD004,S585,T2,3,100000,173.0,1.015
B25_rep1,25,1,100000,SD004,S585,T2,4,100000,173.0,1.015
B25_rep1,25,1,100000,SD008,S281,T2,2,100000,18.62,109.21
B25_rep1,25,1,100000,SD003,S378,T3,1,100000,623.92,69.545
B25_rep1,25,1,100000,SD004,S671,T3,1,100000,564.22,74.405
B25_rep1,25,1,100000,SD004,S625,T3,2,100000,386.14,2.078
B25_rep1,25,1,100000,SD009,S527,T3,1,100000,585.0,2.957
B25_rep1,25,1,100000,SD011,S555,T2,3,100000,119.03,23.394
B25_rep1,25,1,100000,SD003,JH_H009,T3,1,100000,30.0,0.431
B25_rep1,25,1,100000,SD003,JH_H009,T3,2,100000,30.0,0.431
B25_rep1,25,1,100000,SD003,JH_H009,T3,3,100000,30.0,0.431
B25_rep1,25,1,100000,SD003,JH_H009,T3,4,100000,30.0,0.431
B25_rep1,25,1,100000,SD004,S208,T3,1,100000,2582.06,74.312
B25_rep1,25,1,100000,SD002,JH_H008,T3,1,100000,90.0,1.083
B25_rep1,25,1,100000,SD002,JH_H008,T3,2,100000,90.0,1.083
B25_rep1,25,1,100000,SD002,JH_H008,T3,3,100000,90.0,1.083
B25_rep1,25,1,100000,SD002,JH_H008,T3,4,100000,68.46,1.083
B25_rep1,25,1,100000,SD001,S600,T2,3,100000,27.33,71.963
B25_rep1,25,1,100000,SD005,S576,T2,2,100000,139.85,64.061
B25_rep1,25,1,100000,SD011,S527,T2,4,100000,95.61,22.147
B25_rep1,25,1,100000,SD009,S653,T2,1,100000,226.0,3.373
B25_rep1,25,1,100000,SD009,S653,T2,2,100000,226.0,3.373
B25_rep1,25,1,100000,SD011,S212,T3,1,100000,816.0,59.529
B25_rep1,25,1,100000,SD004,S585,T3,1,100000,519.0,1.015
B25_rep1,25,1,100000,SD004,S585,T3,2,100000,519.0,1.015
B25_rep1,25,1,100000,SD008,JH_H010,T1,1,100000,15.0,2.272
B25_rep1,25,1,100000,SD008,JH_H010,T1,2,100000,15.0,2.272
B25_rep1,25,1,100000,SD008,JH_H010,T1,3,100000,15.0,2.272
B25_rep1,25,1,100000,SD008,JH_H010,T1,4,100000,15.0,2.272
B25_rep1,25,1,100000,SD004,S189,T2,1,100000,489.0,70.345
B25_rep1,25,1,100000,SD004,S189,T2,2,100000,489.0,70.345
B25_rep1,25,1,100000,SD003,S576,T2,2,100000,162.89,28.693
B25_rep1,25,1,100000,SD003,S576,T2,3,100000,125.59,28.693
B25_rep1,25,1,100000,SD003,S576,T2,4,100000,31.87,28.693
B25_rep1,25,1,100000,SD005,S576,T3,1,100000,267.45,64.061
B25_rep1,25,1,100000,SD009,S625,T3,1,100000,996.0,2.214
B25_rep1,25,1,100000,SD009,S625,T3,2,100000,609.86,2.214
B25_rep1,25,1,100000,SD009,S653,T3,1,100000,678.0,3.373
B25_rep1,25,1,100000,SD004,JH_H013,T1,1,100000,34.07,2.684
B25_rep1,25,1,100000,SD004,JH_H013,T1,2,100000,34.07,2.684
B25_rep1,25,1,100000,SD004,JH_H013,T1,3,100000,34.07,2.684
B25_rep1,25,1,100000,SD004,JH_H013,T1,4,100000,34.07,2.684
B25_rep1,25,1,100000,SD006,S281,T2,2,100000,241.38,141.384
B25_rep1,25,1,100000,SD005,S625,T2,4,100000,14.16,56.5
B25_rep1,25,1,100000,SD007,JH_H002,T3,1,100000,1120.71,56.312
B25_rep1,25,1,100000,SD007,JH_H002,T3,2,100000,369.9,56.312
B25_rep1,25,1,100000,SD007,JH_H002,T3,3,100000,16.25,56.312
B25_rep1,25,1,100000,SD010,S576,T2,1,100000,649.0,1.575
B25_rep1,25,1,100000,SD010,S576,T2,2,100000,346.26,1.575
B25_rep1,25,1,100000,SD010,S576,T2,3,100000,223.09,1.575
B25_rep1,25,1,100000,SD010,S576,T2,4,100000,110.95,1.575
B25_rep1,25,1,100000,SD003,JH_H009,T1,1,100000,10.0,0.431
B25_rep1,25,1,100000,SD003,JH_H009,T1,2,100000,10.0,0.431
B25_rep1,25,1,100000,SD003,JH_H009,T1,3,100000,10.0,0.431
B25_rep1,25,1,100000,SD003,JH_H009,T1,4,100000,10.0,0.431
B25_rep1,25,1,100000,SD006,S625,T2,3,100000,169.38,71.157
B25_rep1,25,1,100000,SD006,S625,T2,4,100000,262.02,71.157
B25_rep1,25,1,100000,SD004,JH_H012,T3,4,100000,151.1,1.594
B25_rep1,25,1,100000,SD001,S392,T2,3,100000,515.0,72.552
B25_rep1,25,1,100000,SD002,JH_H008,T1,1,100000,30.0,1.083
B25_rep1,25,1,100000,SD002,JH_H008,T1,2,100000,30.0,1.083
B25_rep1,25,1,100000,SD002,JH_H008,T1,3,100000,30.0,1.083
B25_rep1,25,1,100000,SD002,JH_H008,T1,4,100000,30.0,1.083
B25_rep1,25,1,100000,SD008,JH_H001,T3,3,100000,13.3,64.299
B25_rep1,25,1,100000,SD001,S394,T2,3,100000,430.0,72.126
B25_rep1,25,1,100000,SD004,JH_H014,T3,4,100000,89.56,0.324
B25_rep1,25,1,100000,SD006,S281,T3,1,100000,634.11,141.384
B25_rep1,25,1,100000,SD009,S527,T2,1,100000,195.0,2.957
B25_rep1,25,1,100000,SD009,S527,T2,2,100000,195.0,2.957
B25_rep1,25,1,100000,SD009,S527,T2,3,100000,195.0,2.957
B25_rep1,25,1,100000,SD010,S576,T3,2,100000,928.95,1.575
B25_rep1,25,1,100000,SD008,JH_H010,T3,1,100000,45.0,2.272
B25_rep1,25,1,100000,SD008,JH_H010,T3,2,100000,45.0,2.272
B25_rep1,25,1,100000,SD008,JH_H010,T3,3,100000,41.0,2.272
B25_rep1,25,1,100000,SD008,JH_H010,T3,4,100000,27.15,2.272
B25_rep1,25,1,100000,SD010,S281,T2,1,100000,19.12,68.585
B25_rep1,25,1,100000,SD007,S555,T2,3,100000,142.35,57.3
B25_rep1,25,1,100000,SD003,S281,T2,1,100000,240.88,92.117
