policy,budget,replication,draw_id,facility_id,staff_type,period,scenario_id,extra_staff
B25_rep1,25,1,100000,JH_H001,De,1,100000,40.56
B25_rep1,25,1,100000,JH_H001,De,2,100000,40.56
B25_rep1,25,1,100000,JH_H001,De,3,100000,40.56
B25_rep1,25,1,100000,JH_H001,De,4,100000,40.56
B25_rep1,25,1,100000,JH_H002,De,1,100000,7.74
B25_rep1,25,1,100000,JH_H002,De,2,100000,7.74
B25_rep1,25,1,100000,JH_H002,De,3,100000,7.74
B25_rep1,25,1,100000,JH_H002,De,4,100000,7.74
B25_rep1,25,1,100000,JH_H003,De,1,100000,19.5
B25_rep1,25,1,100000,JH_H003,De,2,100000,19.5
B25_rep1,25,1,100000,JH_H003,De,3,100000,19.5
B25_rep1,25,1,100000,JH_H003,De,4,100000,19.5
B25_rep1,25,1,100000,JH_H004,De,1,100000,7.5
B25_rep1,25,1,100000,JH_H004,De,2,100000,7.5
B25_rep1,25,1,100000,JH_H004,De,3,100000,7.5
B25_rep1,25,1,100000,JH_H004,De,4,100000,7.5
B25_rep1,25,1,100000,JH_H006,De,1,100000,5.5
B25_rep1,25,1,100000,JH_H006,De,2,100000,5.5
B25_rep1,25,1,100000,JH_H006,De,3,100000,5.5
B25_rep1,25,1,100000,JH_H006,De,4,100000,5.5
B25_rep1,25,1,100000,JH_H007,De,1,100000,3.75
B25_rep1,25,1,100000,JH_H007,De,2,100000,3.75
B25_rep1,25,1,100000,JH_H007,De,3,100000,3.75
B25_rep1,25,1,100000,JH_H007,De,4,100000,3.75
B25_rep1,25,1,100000,JH_H008,De,1,100000,1.5
B25_rep1,25,1,100000,JH_H008,De,2,100000,1.5
B25_rep1,25,1,100000,JH_H008,De,3,100000,1.5
B25_rep1,25,1,100000,JH_H008,De,4,100000,1.5
B25_rep1,25,1,100000,JH_H009,De,1,100000,0.5
B25_rep1,25,1,100000,JH_H009,De,2,100000,0.5
B25_rep1,25,1,100000,JH_H009,De,3,100000,0.5
B25_rep1,25,1,100000,JH_H009,De,4,100000,0.5
B25_rep1,25,1,100000,JH_H010,De,1,100000,0.75
B25_rep1,25,1,100000,JH_H010,De,2,100000,0.75
B25_rep1,25,1,100000,JH_H010,De,3,100000,0.75
B25_rep1,25,1,100000,JH_H010,De,4,100000,0.75
B25_rep1,25,1,100000,JH_H011,De,1,100000,0.5
B25_rep1,25,1,100000,JH_H011,De,2,100000,0.5
B25_rep1,25,1,100000,JH_H011,De,3,100000,0.5
B25_rep1,25,1,100000,JH_H011,De,4,100000,0.5
B25_rep1,25,1,100000,JH_H012,De,1,100000,0.59
B25_rep1,25,1,100000,JH_H012,De,2,100000,0.59
B25_rep1,25,1,100000,JH_H012,De,3,100000,0.59
B25_rep1,25,1,100000,JH_H012,De,4,100000,0.59
B25_rep1,25,1,100000,JH_H013,De,1,100000,0.52
B25_rep1,25,1,100000,JH_H013,De,2,100000,0.52
B25_rep1,25,1,100000,JH_H013,De,3,100000,0.52
B25_rep1,25,1,100000,JH_H013,De,4,100000,0.52
B25_rep1,25,1,100000,JH_H015,De,1,100000,2.5
B25_rep1,25,1,100000,JH_H015,De,2,100000,2.5
B25_rep1,25,1,100000,JH_H015,De,3,100000,2.5
B25_rep1,25,1,100000,JH_H015,De,4,100000,2.5
B25_rep1,25,1,100000,JH_H007,Ne,1,100000,0.5
B25_rep1,25,1,100000,JH_H007,Ne,2,100000,0.5
B25_rep1,25,1,100000,JH_H010,Ne,1,100000,0.5
B25_rep1,25,1,100000,JH_H010,Ne,2,100000,0.5
B25_rep1,25,1,100000,S071,Dt,1,100000,25.0
B25_rep1,25,1,100000,S071,Dt,2,100000,25.0
B25_rep1,25,1,100000,S074,Dt,1,100000,238.5
B25_rep1,25,1,100000,S074,Dt,2,100000,238.5
B25_rep1,25,1,100000,S111,Dt,1,100000,202.0
B25_rep1,25,1,100000,S111,Dt,2,100000,202.0
B25_rep1,25,1,100000,S111,Dt,3,100000,202.0
B25_rep1,25,1,100000,S126,Dt,1,100000,106.0
B25_rep1,25,1,100000,S126,Dt,2,100000,106.0
B25_rep1,25,1,100000,S126,Dt,3,100000,2.28
B25_rep1,25,1,100000,S395,Dt,1,100000,68.0
B25_rep1,25,1,100000,S395,Dt,2,100000,68.0
B25_rep1,25,1,100000,S395,Dt,3,100000,35.41
B25_rep1,25,1,100000,S395,Dt,4,100000,17.71
B25_rep1,25,1,100000,S447,Dt,1,100000,32.75
B25_rep1,25,1,100000,S447,Dt,2,100000,32.75
B25_rep1,25,1,100000,S462,Dt,1,100000,87.0
B25_rep1,25,1,100000,S462,Dt,2,100000,87.0
B25_rep1,25,1,100000,S462,Dt,3,100000,79.56
B25_rep1,25,1,100000,S462,Dt,4,100000,23.9
B25_rep1,25,1,100000,S471,Dt,1,100000,117.25
B25_rep1,25,1,100000,S471,Dt,2,100000,117.25
B25_rep1,25,1,100000,S486,Dt,1,100000,125.75
B25_rep1,25,1,100000,S486,Dt,2,100000,125.75
B25_rep1,25,1,100000,S486,Dt,3,100000,125.75
B25_rep1,25,1,100000,S486,Dt,4,100000,125.75
B25_rep1,25,1,100000,S488,Dt,1,100000,221.75
B25_rep1,25,1,100000,S488,Dt,2,100000,221.75
B25_rep1,25,1,100000,S497,Dt,1,100000,500.0
B25_rep1,25,1,100000,S497,Dt,2,100000,500.0
B25_rep1,25,1,100000,S510,Dt,1,100000,62.25
B25_rep1,25,1,100000,S510,Dt,2,100000,62.25
B25_rep1,25,1,100000,S510,Dt,3,100000,62.25
B25_rep1,25,1,100000,S517,Dt,1,100000,110.25
B25_rep1,25,1,100000,S517,Dt,2,100000,110.25
B25_rep1,25,1,100000,S517,Dt,3,100000,110.25
B25_rep1,25,1,100000,S517,Dt,4,100000,81.44
B25_rep1,25,1,100000,S539,Dt,1,100000,30.0
B25_rep1,25,1,100000,S539,Dt,2,100000,30.0
B25_rep1,25,1,100000,S569,Dt,1,100000,125.75
B25_rep1,25,1,100000,S569,Dt,2,100000,125.75
B25_rep1,25,1,100000,S576,Dt,1,100000,162.25
B25_rep1,25,1,100000,S576,Dt,2,100000,162.25
B25_rep1,25,1,100000,S576,Dt,3,100000,84.15
B25_rep1,25,1,100000,S576,Dt,4,100000,35.71
B25_rep1,25,1,100000,S593,Dt,1,100000,63.5
B25_rep1,25,1,100000,S593,Dt,2,100000,63.5
B25_rep1,25,1,100000,S617,Dt,1,100000,186.5
B25_rep1,25,1,100000,S617,Dt,2,100000,186.5
B25_rep1,25,1,100000,S625,Dt,1,100000,83.0
B25_rep1,25,1,100000,S625,Dt,2,100000,83.0
B25_rep1,25,1,100000,S681,Dt,1,100000,162.5
B25_rep1,25,1,100000,S681,Dt,2,100000,162.5
B25_rep1,25,1,100000,S681,Dt,3,100000,162.5
B25_rep1,25,1,100000,S681,Dt,4,100000,66.69
B25_rep1,25,1,100000,S685,Dt,1,100000,32.25
B25_rep1,25,1,100000,S685,Dt,2,100000,32.25
B25_rep1,25,1,100000,S685,Dt,3,100000,32.25
B25_rep1,25,1,100000,S685,Dt,4,100000,32.25
B25_rep1,25,1,100000,S686,Dt,1,100000,31.75
B25_rep1,25,1,100000,S686,Dt,2,100000,31.75
B25_rep1,25,1,100000,S686,Dt,3,100000,31.75
B25_rep1,25,1,100000,S686,Dt,4,100000,31.75
B25_rep1,25,1,100000,S722,Dt,1,100000,500.0
B25_rep1,25,1,100000,S722,Dt,2,100000,500.0
B25_rep1,25,1,100000,S722,Dt,3,100000,72.59
B25_rep1,25,1,100000,S722,Dt,4,100000,36.3
B25_rep1,25,1,100000,S729,Dt,1,100000,21.5
B25_rep1,25,1,100000,S729,Dt,2,100000,21.5
B25_rep1,25,1,100000,S729,Dt,3,100000,7.97
B25_rep1,25,1,100000,S729,Dt,4,100000,3.84
B25_rep1,25,1,100000,S756,Dt,1,100000,37.25
B25_rep1,25,1,100000,S756,Dt,2,100000,37.25
B25_rep1,25,1,100000,S756,Dt,3,100000,20.66
B25_rep1,25,1,100000,S756,Dt,4,100000,10.33
B25_rep1,25,1,100000,S071,Nt,1,100000,49.39
B25_rep1,25,1,100000,S071,Nt,2,100000,12.5
B25_rep1,25,1,100000,S074,Nt,1,100000,477.0
B25_rep1,25,1,100000,S074,Nt,2,100000,119.25
B25_rep1,25,1,100000,S111,Nt,1,100000,404.0
B25_rep1,25,1,100000,S111,Nt,2,100000,101.0
B25_rep1,25,1,100000,S111,Nt,3,100000,101.0
B25_rep1,25,1,100000,S126,Nt,1,100000,212.0
B25_rep1,25,1,100000,S126,Nt,2,100000,53.0
B25_rep1,25,1,100000,S126,Nt,3,100000,1.14
B25_rep1,25,1,100000,S395,Nt,1,100000,136.0
B25_rep1,25,1,100000,S395,Nt,2,100000,80.24
B25_rep1,25,1,100000,S395,Nt,3,100000,17.71
B25_rep1,25,1,100000,S395,Nt,4,100000,8.85
B25_rep1,25,1,100000,S447,Nt,1,100000,64.63
B25_rep1,25,1,100000,S447,Nt,2,100000,16.38
B25_rep1,25,1,100000,S462,Nt,1,100000,174.0
B25_rep1,25,1,100000,S462,Nt,2,100000,43.5
B25_rep1,25,1,100000,S462,Nt,3,100000,39.78
B25_rep1,25,1,100000,S462,Nt,4,100000,11.95
B25_rep1,25,1,100000,S471,Nt,1,100000,234.5
B25_rep1,25,1,100000,S471,Nt,2,100000,58.62
B25_rep1,25,1,100000,S486,Nt,1,100000,251.5
B25_rep1,25,1,100000,S486,Nt,2,100000,251.5
B25_rep1,25,1,100000,S486,Nt,3,100000,62.88
B25_rep1,25,1,100000,S486,Nt,4,100000,62.88
B25_rep1,25,1,100000,S488,Nt,1,100000,443.5
B25_rep1,25,1,100000,S488,Nt,2,100000,110.88
B25_rep1,25,1,100000,S497,Nt,1,100000,340.66
B25_rep1,25,1,100000,S497,Nt,2,100000,250.0
B25_rep1,25,1,100000,S510,Nt,1,100000,124.5
B25_rep1,25,1,100000,S510,Nt,2,100000,100.4
B25_rep1,25,1,100000,S510,Nt,3,100000,31.12
B25_rep1,25,1,100000,S517,Nt,1,100000,220.5
B25_rep1,25,1,100000,S517,Nt,2,100000,220.5
B25_rep1,25,1,100000,S517,Nt,3,100000,55.12
B25_rep1,25,1,100000,S517,Nt,4,100000,40.72
B25_rep1,25,1,100000,S539,Nt,1,100000,15.0
B25_rep1,25,1,100000,S539,Nt,2,100000,15.0
B25_rep1,25,1,100000,S569,Nt,1,100000,168.14
B25_rep1,25,1,100000,S569,Nt,2,100000,62.88
B25_rep1,25,1,100000,S576,Nt,1,100000,324.5
B25_rep1,25,1,100000,S576,Nt,2,100000,197.24
B25_rep1,25,1,100000,S576,Nt,3,100000,42.08
B25_rep1,25,1,100000,S576,Nt,4,100000,17.85
B25_rep1,25,1,100000,S593,Nt,1,100000,127.0
B25_rep1,25,1,100000,S593,Nt,2,100000,31.75
B25_rep1,25,1,100000,S617,Nt,1,100000,373.0
B25_rep1,25,1,100000,S617,Nt,2,100000,93.25
B25_rep1,25,1,100000,S625,Nt,1,100000,166.0
B25_rep1,25,1,100000,S625,Nt,2,100000,41.5
B25_rep1,25,1,100000,S681,Nt,1,100000,325.0
B25_rep1,25,1,100000,S681,Nt,2,100000,133.66
B25_rep1,25,1,100000,S681,Nt,3,100000,81.25
B25_rep1,25,1,100000,S681,Nt,4,100000,33.35
B25_rep1,25,1,100000,S685,Nt,1,100000,64.5
B25_rep1,25,1,100000,S685,Nt,2,100000,64.5
B25_rep1,25,1,100000,S685,Nt,3,100000,16.12
B25_rep1,25,1,100000,S685,Nt,4,100000,16.12
B25_rep1,25,1,100000,S686,Nt,1,100000,63.5
B25_rep1,25,1,100000,S686,Nt,2,100000,63.5
B25_rep1,25,1,100000,S686,Nt,3,100000,15.88
B25_rep1,25,1,100000,S686,Nt,4,100000,15.88
B25_rep1,25,1,100000,S722,Nt,1,100000,558.19
B25_rep1,25,1,100000,S722,Nt,2,100000,345.57
B25_rep1,25,1,100000,S722,Nt,3,100000,36.3
B25_rep1,25,1,100000,S722,Nt,4,100000,18.15
B25_rep1,25,1,100000,S729,Nt,1,100000,43.0
B25_rep1,25,1,100000,S729,Nt,2,100000,22.09
B25_rep1,25,1,100000,S729,Nt,3,100000,3.98
B25_rep1,25,1,100000,S729,Nt,4,100000,1.92
B25_rep1,25,1,100000,S756,Nt,1,100000,74.5
B25_rep1,25,1,100000,S756,Nt,2,100000,50.75
B25_rep1,25,1,100000,S756,Nt,3,100000,10.33
B25_rep1,25,1,100000,S756,Nt,4,100000,5.16
