scenario_id,scenario_prob,Z1,Z2,Z3,served_fraction,generated_casualties,served_casualties,unmet_casualties,tmcs_with_assigned_casualties,tmcs_with_assigned_staff,tmcs_with_casualties_or_staff,staff_added,solve_seconds,solver_status
1,0.05,32687.459726406698,340291.7387962446,20206.476460115842,0.8220676862998023,117398.0,96509.1022362242,32687.459759094156,101,101,101,20206.476460115842,20.21900000000096,Optimal
2,0.05,20469.464655184973,186518.09861707108,13420.69242370096,0.8338625801969914,78401.0,65375.66015002433,20469.464675654443,73,73,73,13420.69242370096,27.78099999999904,Optimal
3,0.05,37956.11430770608,423552.3404026156,23088.291318185115,0.8190798016696246,134202.0,109922.14754366696,37956.1143456622,113,113,113,23088.291318185115,29.01599999999962,Optimal
4,0.05,40418.76679342416,465574.5728936217,24448.043957956088,0.8179671121249416,142087.0,116222.49306049658,40418.76683384293,119,119,119,24448.043957956088,30.0470000000023,Optimal
5,0.05,12057.415297461474,149143.5914046499,10203.373393074196,0.8738528226447007,59641.0,52117.45619535259,12057.415309518889,59,59,59,10203.373393074196,28.375,Optimal
6,0.05,18614.918114266948,167305.72529448656,12388.040148742446,0.8367324704852024,72469.0,60637.16540359213,18614.918132881867,66,66,66,12388.040148742446,25.79699999999866,Optimal
7,0.05,30789.907342153616,312133.8324960859,19152.326933073382,0.823349869493528,111334.0,91666.83437019245,30789.907372943522,93,93,93,19152.326933073382,27.90599999999904,Optimal
8,0.05,26437.942971536464,254420.568929706,16731.812613305738,0.8268980878864532,97439.0,80572.12278556812,26437.942997974405,83,83,83,16731.812613305738,29.45300000000134,Optimal
9,0.05,29303.77604727005,291457.3753353094,18326.362395303793,0.8244594103124578,106594.0,87882.42638284613,29303.776076573828,87,87,87,18326.362395303793,29.03099999999904,Optimal
10,0.05,21894.94659011584,201757.29411348,14205.561594421368,0.8318708980423035,82928.0,68985.38983285215,21894.94661201079,74,74,74,14205.561594421368,25.28099999999904,Optimal
11,0.05,39618.44995866622,451639.2689273237,24010.975329117635,0.8182900482040483,139510.0,114159.64462494677,39618.44999828467,116,116,116,24010.975329117635,31.6720000000023,Optimal
12,0.05,38302.327227023095,429341.2696132923,23279.627231780487,0.8189215265620798,135315.0,110812.36636674784,38302.32726532543,113,113,113,23279.627231780487,30.42199999999866,Optimal
13,0.05,30145.355139690768,302831.5135969999,18794.44558640824,0.8238175040618277,109278.0,90025.12920886841,30145.35516983612,90,90,90,18794.44558640824,29.43800000000192,Optimal
14,0.05,42978.913844966744,511461.4289862959,25843.440250154337,0.8169046552304521,150264.0,122751.36111354866,42978.91388794565,119,119,119,25843.440250154337,32.06199999999808,Optimal
15,0.05,34527.551595334175,368646.8085475843,21213.531773966788,0.8209379366060124,123272.0,101198.66132129637,34527.55162986173,106,106,106,21213.531773966788,29.07800000000134,Optimal
16,0.05,21849.22586762638,201309.90776275,14182.073530253094,0.8319378696736749,82787.0,68873.64041667452,21849.22588947561,74,74,74,14182.073530253094,28.54699999999866,Optimal
17,0.05,33399.252098922014,351187.47608244524,20596.09486831708,0.8216274917956411,119674.0,98327.44845315155,33399.25213232126,103,103,103,20596.09486831708,30.89099999999962,Optimal
18,0.05,21075.642876203514,193085.55957807886,13756.62279628376,0.8330063496753342,80335.0,66919.56510116797,21075.64289727916,74,74,74,13756.62279628376,23.46900000000096,Optimal
19,0.05,39605.49128667568,451419.6489262789,24003.101742868428,0.8182918465589513,139467.0,114124.70896403726,39605.49132628117,116,116,116,24003.101742868428,29.343000000000757,Optimal
20,0.05,28975.295696361634,287253.6331720924,18144.94320821233,0.8247271210818372,105549.0,87049.12290306683,28975.29572533693,87,87,87,18144.94320821233,25.04699999999866,Optimal
