time_utc,latitude,longitude,depth_km,magnitude,magType,nst,gap,dmin,rms,net,event_id,updated,place,type,horizontalError,depthError,magError,magNst,status,locationSource,magSource,t_days
2023-02-06 01:26:50.869000+00:00,37.2252,37.0001,10.0,5.7,mb,94,75,0.175,1.32,us,us6000jlnn,2024-10-09T17:16:06.477Z,"24 km ENE of Nurda??, Turkey",earthquake,2.35,1.789,0.072,69,reviewed,us,us,0.006433668981481482
2023-02-06 01:28:15.784000+00:00,37.1893,36.8929,9.797,6.7,mww,194,19,0.254,0.68,us,us6000jlm1,2025-09-03T20:02:03.110Z,"14 km E of Nurda??, Turkey",earthquake,7.68,3.333,0.098,10,reviewed,us,us,0.007416481481481481
2023-02-06 01:36:27.357000+00:00,36.9921,36.6832,10.0,5.6,mb,167,47,0.458,0.59,us,us6000jlm9,2023-04-15T21:39:33.040Z,Turkey-Syria border region,earthquake,6.2,1.76,0.052,128,reviewed,us,us,0.013105983796296296
2023-02-06 01:40:48.558000+00:00,36.6696,36.4767,10.0,4.7,mb,17,227,0.772,0.51,us,us6000jnr5,2023-04-15T21:39:59.040Z,"14 km SSW of A?a?? Karafak?l?, Turkey",earthquake,4.2,1.926,0.225,6,reviewed,us,us,0.01612914351851852
2023-02-06 01:48:12.210000+00:00,37.9828,38.1435,10.0,4.9,mb,83,60,0.763,0.89,us,us6000jlmd,2023-04-15T21:39:33.040Z,"9 km WSW of Çelikhan, Turkey",earthquake,4.03,1.625,0.077,53,reviewed,us,us,0.02126400462962963
2023-02-06 01:51:19.056000+00:00,36.7205,36.6192,10.0,4.5,mb,41,172,0.653,0.69,us,us6000jnr6,2023-04-15T21:39:59.040Z,"8 km SE of A?a?? Karafak?l?, Turkey",earthquake,6.94,1.92,0.124,19,reviewed,us,us,0.023426574074074075
2023-02-06 01:51:43.490000+00:00,37.4756,37.1578,7.445,4.7,mb,76,77,0.306,0.84,us,us6000jm4n,2023-04-15T21:39:41.040Z,"12 km W of Pazarc?k, Turkey",earthquake,4.88,4.304,0.08,47,reviewed,us,us,0.023709374999999998
2023-02-06 01:55:41.029000+00:00,37.2073,36.5988,10.0,4.4,mb,43,109,0.423,0.7,us,us6000jnru,2023-04-15T21:40:00.040Z,"2 km ENE of Bahçe, Turkey",earthquake,5.65,1.863,0.112,23,reviewed,us,us,0.02645866898148148
2023-02-06 01:56:29.834000+00:00,37.7175,37.3615,10.0,4.3,mb,16,89,0.558,0.49,us,us6000jnvm,2023-04-15T21:40:04.040Z,"7 km ESE of Ça?layancerit, Turkey",earthquake,3.65,1.953,0.178,9,reviewed,us,us,0.027023541666666664
2023-02-06 01:58:23.118000+00:00,37.0302,36.6208,10.0,5.1,mb,120,69,0.492,0.67,us,us6000jlmf,2023-04-15T21:39:33.040Z,"12 km SSE of Hasanbeyli, Turkey",earthquake,5.06,1.841,0.06,91,reviewed,us,us,0.028334699074074075
2023-02-06 02:01:18.994000+00:00,37.7238,37.8026,16.202,4.5,mb,41,135,1.166,0.76,us,us6000jnvi,2023-04-15T21:40:04.040Z,"6 km WNW of Besni, Turkey",earthquake,6.66,5.335,0.131,17,reviewed,us,us,0.03037030092592593
2023-02-06 02:01:45.687000+00:00,37.3512,37.095,10.502,4.8,mb,77,81,0.201,0.72,us,us6000jlmy,2023-04-15T21:39:34.040Z,"23 km SW of Pazarc?k, Turkey",earthquake,5.22,4.226,0.076,53,reviewed,us,us,0.030679247685185183
2023-02-06 02:03:37.341000+00:00,37.7712,37.9141,16.929,5.3,mb,154,35,0.792,0.61,us,us6000jlmh,2023-04-15T21:39:33.040Z,Central Turkey,earthquake,4.28,3.347,0.052,122,reviewed,us,us,0.03197153935185185
2023-02-06 02:06:23.457000+00:00,37.9227,38.0613,10.0,5.0,mb,90,64,0.771,0.97,us,us6000jmn0,2023-04-15T21:39:49.040Z,"19 km NE of Tut, Turkey",earthquake,4.75,1.816,0.068,68,reviewed,us,us,0.03389417824074074
2023-02-06 02:11:48.911000+00:00,37.9265,38.2237,16.711,4.1,mb,47,91,0.678,0.66,us,us6000jnr9,2023-04-15T21:39:59.040Z,"11 km S of Çelikhan, Turkey",earthquake,5.04,4.602,0.111,22,reviewed,us,us,0.03766100694444444
2023-02-06 02:13:40.815000+00:00,37.2863,36.8539,10.0,4.2,mb,17,89,0.306,0.46,us,us6000jnra,2023-04-15T21:39:59.040Z,"16 km NE of Nurda??, Turkey",earthquake,5.2,1.92,0.167,10,reviewed,us,us,0.03895619212962963
2023-02-06 02:16:09.128000+00:00,37.4468,37.0449,10.0,4.2,mb,13,129,0.304,0.4,us,us6000jmn3,2023-04-15T21:39:49.040Z,"18 km SE of Kahramanmara?, Turkey",earthquake,4.28,1.954,0.235,5,reviewed,us,us,0.04067277777777778
2023-02-06 02:17:40.715000+00:00,37.1024,36.7301,12.201,4.8,mb,86,70,0.389,0.72,us,us6000jlmm,2023-04-15T21:39:34.040Z,"7 km S of Nurda??, Turkey",earthquake,6.54,4.372,0.071,61,reviewed,us,us,0.0417328125
2023-02-06 02:21:20.561000+00:00,37.4358,37.0658,14.349,4.2,mb,34,83,0.287,0.7,us,us6000jmn5,2023-04-15T21:39:50.040Z,"20 km SE of Kahramanmara?, Turkey",earthquake,3.8,4.705,0.115,21,reviewed,us,us,0.04427732638888889
2023-02-06 02:23:14.336000+00:00,37.1816,36.9658,11.359,5.3,mb,195,36,0.195,0.55,us,us6000jlmn,2023-04-15T21:39:34.040Z,"20 km E of Nurda??, Turkey",earthquake,4.96,3.519,0.046,159,reviewed,us,us,0.045594166666666665
2023-02-06 02:28:43.721000+00:00,37.4292,36.9502,8.01,4.1,mb,21,146,0.086,0.57,us,us6000jnw1,2023-04-15T21:40:05.040Z,Central Turkey,earthquake,5.34,7.776,0.235,5,reviewed,us,us,0.04940649305555555
2023-02-06 02:31:26.171000+00:00,37.4137,36.8216,12.112,4.5,mb,42,156,0.111,0.65,us,us6000jnsi,2023-04-15T21:40:01.040Z,"21 km SSW of Kahramanmara?, Turkey",earthquake,6.24,4.994,0.113,23,reviewed,us,us,0.05128670138888889
2023-02-06 02:32:08.686000+00:00,37.5639,37.1467,17.393,4.5,mb,32,81,0.205,1.0,us,us6000jnw0,2023-04-15T21:40:05.040Z,"15 km WNW of Pazarc?k, Turkey",earthquake,5.8,4.065,0.124,19,reviewed,us,us,0.05177877314814815
2023-02-06 02:33:28.446000+00:00,38.1084,38.495,17.891,4.4,mb,44,83,0.715,0.54,us,us6000jnrb,2023-04-15T21:39:59.040Z,"13 km NW of Sincik, Turkey",earthquake,3.57,4.387,0.117,21,reviewed,us,us,0.05270192129629629
2023-02-06 02:34:18.119000+00:00,37.4941,37.2266,14.637,4.3,mb,41,91,0.322,0.6,us,us6000jnry,2023-04-15T21:40:00.040Z,"6 km W of Pazarc?k, Turkey",earthquake,6.91,5.929,0.111,23,reviewed,us,us,0.05327684027777777
2023-02-06 02:34:51.505000+00:00,37.0822,37.0363,10.0,4.7,mb,84,68,0.165,0.84,us,us6000jnsj,2024-01-18T19:19:06.108Z,"24 km NNE of Musabeyli, Turkey",earthquake,6.44,1.839,0.073,58,reviewed,us,us,0.053663252314814815
2023-02-06 02:38:44.305000+00:00,37.8697,38.3908,10.0,4.2,mb,32,169,1.645,0.71,us,us6000jnrd,2023-04-15T21:39:59.040Z,"15 km NE of Ad?yaman, Turkey",earthquake,5.44,1.914,0.159,11,reviewed,us,us,0.056357696759259265
2023-02-06 02:43:47.299000+00:00,36.8497,36.3895,10.0,4.2,mb,27,217,0.73,0.74,us,us6000jnvz,2023-04-15T21:40:05.040Z,"12 km WNW of Hassa, Turkey",earthquake,3.68,1.328,0.159,11,reviewed,us,us,0.05986457175925926
2023-02-06 02:54:00.446000+00:00,36.7084,36.3519,10.0,4.7,mb,129,55,0.828,0.59,us,us6000jlmv,2023-04-15T21:39:34.040Z,"14 km ENE of Denizciler, Turkey",earthquake,4.91,1.839,0.056,96,reviewed,us,us,0.06696118055555556
2023-02-06 03:01:14.387000+00:00,38.1475,38.435,14.043,4.1,mb,33,68,0.769,0.75,us,us6000jnrf,2023-04-15T21:39:59.040Z,"19 km NW of Sincik, Turkey",earthquake,3.21,4.266,0.139,14,reviewed,us,us,0.07198364583333333
2023-02-06 03:02:18.228000+00:00,37.9204,37.7822,10.0,4.4,mb,52,91,0.875,0.62,us,us6000jnrg,2023-04-15T21:39:59.040Z,"18 km NW of Tut, Turkey",earthquake,3.38,1.875,0.095,32,reviewed,us,us,0.07272254629629629
2023-02-06 03:04:45.269000+00:00,38.1742,38.482,16.696,4.7,mb,123,33,0.78,0.64,us,us6000jln0,2023-04-15T21:39:34.040Z,"19 km NW of Sincik, Turkey",earthquake,5.4,4.053,0.06,84,reviewed,us,us,0.07442440972222222
2023-02-06 03:10:20.089000+00:00,37.7127,37.8001,16.08,4.4,mb,79,70,0.716,0.37,us,us6000jln6,2023-04-15T21:39:34.040Z,"5 km WNW of Besni, Turkey",earthquake,5.78,4.132,0.074,53,reviewed,us,us,0.07829964120370371
2023-02-06 03:12:11.339000+00:00,37.5003,37.3267,3.572,4.5,mb,79,76,0.341,0.68,us,us6000jln3,2023-04-15T21:39:34.040Z,"2 km ENE of Pazarc?k, Turkey",earthquake,5.28,4.287,0.074,53,reviewed,us,us,0.07958725694444445
2023-02-06 03:16:16.646000+00:00,38.0715,38.4951,17.34,4.3,mb,46,71,0.681,0.87,us,us6000jnsr,2024-01-18T19:19:07.563Z,"11 km WNW of Sincik, Turkey",earthquake,4.45,1.549,0.113,22,reviewed,us,us,0.08242645833333333
2023-02-06 03:19:15.155000+00:00,37.733,37.4257,10.0,4.0,mb,17,95,1.042,0.57,us,us6000jnrj,2023-04-15T21:40:00.040Z,"12 km E of Ça?layancerit, Turkey",earthquake,3.43,1.973,0.212,6,reviewed,us,us,0.08449253472222222
2023-02-06 03:24:30.161000+00:00,37.9268,37.8357,5.884,4.4,mb,39,92,0.903,0.71,us,us6000jnrh,2023-04-15T21:39:59.040Z,"16 km NNW of Tut, Turkey",earthquake,2.73,5.039,0.124,19,reviewed,us,us,0.0881384375
2023-02-06 03:30:00.256000+00:00,37.0297,36.7506,10.0,4.2,mb,33,171,0.394,0.84,us,us6000jnri,2023-04-15T21:39:59.040Z,"15 km S of Nurda??, Turkey",earthquake,4.28,1.932,0.118,20,reviewed,us,us,0.09195898148148149
2023-02-06 03:41:28.306000+00:00,37.2442,37.1335,15.704,4.3,mb,36,134,0.094,0.73,us,us6000jnsv,2023-04-15T21:40:01.040Z,"30 km NW of Gaziantep, Turkey",earthquake,5.35,6.288,0.129,17,reviewed,us,us,0.09992252314814816
2023-02-06 03:54:00.586000+00:00,37.7604,37.4251,14.46,4.3,mb,32,90,0.612,0.71,us,us6000jnrm,2023-04-15T21:40:00.040Z,Central Turkey,earthquake,2.96,4.766,0.153,12,reviewed,us,us,0.10862946759259258
2023-02-06 03:55:10.580000+00:00,37.3982,36.8946,10.0,4.2,mb,14,160,0.338,0.7,us,us6000jnrr,2023-04-15T21:40:00.040Z,"20 km S of Kahramanmara?, Turkey",earthquake,2.7,1.995,0.199,7,reviewed,us,us,0.10943958333333333
2023-02-06 03:58:19.868000+00:00,36.6427,36.426,10.0,4.3,mb,36,102,0.821,0.76,us,us6000jnrn,2023-04-15T21:40:00.040Z,"17 km NNE of K?r?khan, Turkey",earthquake,3.54,1.932,0.201,7,reviewed,us,us,0.11163041666666668
2023-02-06 04:04:22.647000+00:00,37.8315,37.3919,5.017,4.4,mb,65,83,0.674,0.52,us,us6000jlnc,2023-04-15T21:39:34.040Z,"13 km NE of Ça?layancerit, Turkey",earthquake,4.66,4.563,0.088,37,reviewed,us,us,0.1158292476851852
2023-02-06 04:05:15.992000+00:00,37.7658,37.4588,10.0,4.1,mb,22,119,0.625,1.15,us,us6000jnvn,2023-04-15T21:40:05.040Z,"15 km E of Ça?layancerit, Turkey",earthquake,2.67,1.854,0.157,11,reviewed,us,us,0.11644666666666667
2023-02-06 04:05:56.670000+00:00,37.0844,36.9133,12.1,4.2,mb,21,121,0.252,0.53,us,us6000jnrp,2023-04-15T21:40:00.040Z,"18 km ESE of Nurda??, Turkey",earthquake,3.53,5.309,0.186,8,reviewed,us,us,0.11691747685185186
2023-02-06 04:16:49.374000+00:00,37.5236,37.2784,11.788,4.5,mb,88,66,0.355,0.43,us,us6000jlnd,2023-04-15T21:39:34.040Z,Central Turkey,earthquake,2.71,4.618,0.072,57,reviewed,us,us,0.12447192129629629
2023-02-06 04:24:45.154000+00:00,37.555,37.2001,13.385,4.1,mb,25,93,0.382,0.56,us,us6000jnvd,2023-04-15T21:40:04.040Z,"11 km NW of Pazarc?k, Turkey",earthquake,3.11,5.604,0.214,6,reviewed,us,us,0.12997863425925926
2023-02-06 04:31:02.298000+00:00,37.2919,36.8854,12.932,4.3,mb,32,159,0.285,0.72,us,us6000jnrs,2023-04-15T21:40:00.040Z,"19 km NE of Nurda??, Turkey",earthquake,4.59,6.261,0.142,14,reviewed,us,us,0.13434372685185186
2023-02-06 04:39:47.868000+00:00,37.7907,37.4444,17.034,4.3,mb,51,96,0.645,0.54,us,us6000jlnq,2023-04-15T21:39:35.040Z,"14 km ENE of Ça?layancerit, Turkey",earthquake,4.39,4.707,0.097,30,reviewed,us,us,0.14042671296296297
2023-02-06 04:47:57.170000+00:00,36.7176,36.4733,10.0,4.5,mb,75,89,0.744,0.62,us,us6000jlns,2023-04-15T21:39:35.040Z,"9 km SSW of Hassa, Turkey",earthquake,4.91,1.825,0.085,40,reviewed,us,us,0.14608993055555555
2023-02-06 04:56:05.491000+00:00,37.4609,37.1603,16.174,4.5,mb,84,69,0.291,0.64,us,us6000jlnu,2023-04-15T21:39:35.040Z,"12 km WSW of Pazarc?k, Turkey",earthquake,6.53,4.698,0.074,53,reviewed,us,us,0.1517417939814815
2023-02-06 05:01:50.591000+00:00,37.7898,37.8568,16.551,4.6,mb,98,55,0.803,0.55,us,us6000jlnv,2023-04-15T21:39:35.040Z,"5 km W of Tut, Turkey",earthquake,5.41,3.182,0.068,64,reviewed,us,us,0.15573600694444445
2023-02-06 05:04:31.901000+00:00,37.3768,37.0793,11.165,4.2,mb,19,136,0.229,0.5,us,us6000jnvb,2023-04-15T21:40:04.040Z,"23 km WSW of Pazarc?k, Turkey",earthquake,8.89,7.385,0.176,9,reviewed,us,us,0.15760302083333333
2023-02-06 05:12:52.692000+00:00,37.4966,37.1888,5.336,4.4,mb,29,85,0.324,1.11,us,us6000jnrx,2023-04-15T21:40:00.040Z,"9 km W of Pazarc?k, Turkey",earthquake,2.52,5.123,0.162,11,reviewed,us,us,0.16339921296296295
2023-02-06 05:16:55.953000+00:00,37.7999,37.7821,10.0,4.1,mb,38,103,0.775,0.65,us,us6000jnrv,2023-04-15T21:40:00.040Z,"11 km W of Tut, Turkey",earthquake,3.07,1.933,0.175,9,reviewed,us,us,0.16621473379629628
2023-02-06 05:19:48.566000+00:00,38.0197,38.3054,10.0,4.1,mb,25,81,0.708,0.51,us,us6000jnrw,2023-04-15T21:40:00.040Z,"6 km E of Çelikhan, Turkey",earthquake,3.59,1.904,0.235,5,reviewed,us,us,0.16821256944444446
2023-02-06 05:22:44.551000+00:00,37.3082,37.7106,10.0,4.4,mb,37,119,1.12,0.46,us,us6000jlnx,2023-04-15T21:39:35.040Z,"12 km E of Yavuzeli, Turkey",earthquake,8.69,1.914,0.102,28,reviewed,us,us,0.17024943287037037
2023-02-06 05:31:22.169000+00:00,38.0053,38.042,10.0,4.4,mb,42,93,1.063,0.62,us,us6000jlnz,2023-04-15T21:39:35.040Z,"17 km W of Çelikhan, Turkey",earthquake,3.57,1.898,0.117,21,reviewed,us,us,0.17624038194444444
2023-02-06 05:33:10.998000+00:00,38.0957,38.2361,15.345,4.6,mb,73,97,0.801,0.65,us,us6000jns2,2023-04-15T21:40:00.040Z,"7 km N of Çelikhan, Turkey",earthquake,4.59,4.503,0.084,42,reviewed,us,us,0.17749997685185184
2023-02-06 05:40:38.044000+00:00,37.9116,38.2366,19.278,4.5,mb,57,75,0.66,0.47,us,us6000jnss,2023-04-15T21:40:01.040Z,"12 km S of Çelikhan, Turkey",earthquake,4.44,1.492,0.096,34,reviewed,us,us,0.18267412037037037
2023-02-06 05:55:49.697000+00:00,37.9201,38.4457,10.0,4.5,mb,75,93,1.671,0.35,us,us6000jlp1,2023-04-15T21:39:35.040Z,"19 km SW of Sincik, Turkey",earthquake,2.15,1.87,0.073,55,reviewed,us,us,0.19322565972222222
2023-02-06 06:14:38.909000+00:00,37.4072,36.9513,10.0,4.3,mb,31,135,0.312,0.37,us,us6000jns3,2023-04-15T21:40:00.040Z,"19 km S of Kahramanmara?, Turkey",earthquake,1.69,1.927,0.177,9,reviewed,us,us,0.20629524305555555
2023-02-06 06:18:02.484000+00:00,38.1199,38.3761,10.0,4.4,mb,23,84,0.764,0.6,us,us6000jns4,2023-04-15T21:40:00.040Z,"16 km NE of Çelikhan, Turkey",earthquake,5.21,1.965,0.269,4,reviewed,us,us,0.2086514351851852
2023-02-06 06:26:28.168000+00:00,37.3961,37.1506,10.0,4.6,mb,71,107,0.229,0.45,us,us6000jlsg,2023-04-15T21:39:38.040Z,"16 km SW of Pazarc?k, Turkey",earthquake,5.02,1.902,0.081,45,reviewed,us,us,0.21450425925925928
2023-02-06 06:27:52.742000+00:00,38.0564,38.2173,10.0,4.5,mb,26,80,0.779,0.62,us,us6000jnwh,2023-04-15T21:40:05.040Z,"3 km NNW of Çelikhan, Turkey",earthquake,4.05,1.587,0.241,5,reviewed,us,us,0.21548312499999997
2023-02-06 06:54:57.430000+00:00,37.6427,37.394,10.0,4.8,mwr,105,56,0.492,0.54,us,us6000jlp9,2023-04-15T21:39:35.040Z,"14 km SE of Ça?layancerit, Turkey",earthquake,5.42,1.797,0.063,24,reviewed,us,us,0.23428738425925927
2023-02-06 06:59:05.328000+00:00,37.47,37.0824,19.154,4.2,mb,46,113,0.314,0.65,us,us6000jns8,2023-04-15T21:40:01.040Z,"18 km SE of Kahramanmara?, Turkey",earthquake,4.26,4.391,0.121,19,reviewed,us,us,0.2371565740740741
2023-02-06 07:08:32.392000+00:00,36.7139,36.4459,11.457,4.5,mb,107,82,0.764,0.6,us,us6000jlpb,2023-04-15T21:39:35.040Z,"11 km SW of Hassa, Turkey",earthquake,3.61,4.291,0.076,51,reviewed,us,us,0.2437198148148148
2023-02-06 07:10:09.617000+00:00,36.595,36.3297,10.0,4.2,mb,12,229,0.911,0.19,us,us6000jnte,2023-04-15T21:40:02.040Z,"10 km NNW of K?r?khan, Turkey",earthquake,3.07,1.942,0.372,2,reviewed,us,us,0.24484510416666666
2023-02-06 07:24:13.862000+00:00,36.7978,36.2602,10.0,4.3,mb,17,105,0.784,0.54,us,us6000jnsc,2023-04-15T21:40:01.040Z,"5 km SSE of Dörtyol, Turkey",earthquake,3.19,1.951,0.218,6,reviewed,us,us,0.25461645833333335
2023-02-06 07:41:14.046000+00:00,37.8718,38.0812,10.0,4.6,mb,38,100,0.984,0.43,us,us6000jlpi,2023-04-15T21:39:35.040Z,eastern Turkey,earthquake,2.15,1.907,0.114,23,reviewed,us,us,0.2664241435185185
2023-02-06 08:01:47.818000+00:00,36.6219,36.4225,10.0,4.5,mb,63,55,0.836,0.68,us,us6000jlpp,2023-04-15T21:39:35.040Z,"14 km NNE of K?r?khan, Turkey",earthquake,5.61,1.869,0.094,33,reviewed,us,us,0.28070391203703704
2023-02-06 08:52:37.361000+00:00,37.4633,37.2102,10.0,4.8,mb,82,57,0.291,0.81,us,us6000jlpv,2023-04-15T21:39:36.040Z,Central Turkey,earthquake,2.56,1.621,0.069,65,reviewed,us,us,0.3159995486111111
2023-02-06 08:58:34.938000+00:00,38.0402,38.2553,11.354,4.5,mb,73,98,1.2,0.57,us,us6000jlpx,2023-04-15T21:39:36.040Z,"2 km NE of Çelikhan, Turkey",earthquake,5.84,3.475,0.08,46,reviewed,us,us,0.3201381712962963
2023-02-06 09:21:01.495000+00:00,37.7583,37.9812,17.065,4.5,mb,52,64,0.739,0.91,us,us6000jlq2,2023-04-15T21:39:36.040Z,"7 km SE of Tut, Turkey",earthquake,4.13,3.52,0.115,22,reviewed,us,us,0.33572332175925923
2023-02-06 09:23:45.448000+00:00,36.9214,36.427,10.0,4.6,mb,51,55,0.661,0.97,us,us6000jlq1,2023-04-15T21:39:36.040Z,"15 km NNW of Hassa, Turkey",earthquake,2.89,1.847,0.081,46,reviewed,us,us,0.3376209259259259
2023-02-06 09:36:17.151000+00:00,37.3147,36.7946,11.367,4.3,mb,34,153,0.36,1.19,us,us6000jlq5,2023-04-15T21:39:36.040Z,Central Turkey,earthquake,5.97,3.43,0.137,15,reviewed,us,us,0.34632119212962964
2023-02-06 10:12:17.438000+00:00,37.9287,38.3323,17.106,4.4,mb,39,88,0.623,0.64,us,us6000jnsz,2023-04-15T21:40:02.040Z,"13 km SE of Çelikhan, Turkey",earthquake,4.71,4.896,0.155,13,reviewed,us,us,0.3713245138888889
2023-02-06 10:26:46.742000+00:00,38.0315,38.0984,10.0,6.0,mb,65,63,1.111,0.88,us,us6000jm1y,2025-09-03T20:02:48.163Z,"12 km W of Çelikhan, Turkey",earthquake,4.28,1.605,0.081,57,reviewed,us,us,0.3813859027777778
2023-02-06 10:32:08.932000+00:00,37.9962,37.2033,14.057,5.4,mb,44,66,0.742,0.98,us,us6000jnt0,2023-04-15T21:40:02.040Z,"7 km S of Ekinözü, Turkey",earthquake,4.09,3.651,0.176,20,reviewed,us,us,0.3851149537037037
2023-02-06 10:35:58.161000+00:00,38.0249,37.8023,10.0,5.8,mb,109,56,0.973,0.9,us,us6000jlqe,2023-04-15T21:39:36.040Z,"9 km SW of Do?an?ehir, Turkey",earthquake,4.5,1.797,0.051,141,reviewed,us,us,0.38776806712962963
2023-02-06 10:38:57.715000+00:00,37.8722,37.3582,10.0,4.5,mb,37,140,0.855,0.75,us,us6000jnwk,2023-04-15T21:40:05.040Z,"12 km SW of Nurhak, Turkey",earthquake,5.18,1.64,0.14,17,reviewed,us,us,0.38984623842592586
2023-02-06 10:44:46.950000+00:00,38.034,37.7967,11.982,4.6,mb,37,82,0.979,1.06,us,us6000jnu5,2023-04-15T21:40:03.040Z,"8 km SW of Do?an?ehir, Turkey",earthquake,3.07,4.384,0.183,12,reviewed,us,us,0.39388831018518516
2023-02-06 10:46:56.782000+00:00,38.039,36.8385,10.0,4.7,mb,48,55,0.495,0.55,us,us6000jnt5,2023-04-15T21:40:02.040Z,"24 km SSW of Af?in, Turkey",earthquake,5.24,1.793,0.175,14,reviewed,us,us,0.39539099537037037
2023-02-06 10:47:41.873000+00:00,38.0443,36.644,10.0,4.7,mb,46,54,0.404,0.97,us,us6000jnw7,2024-01-18T19:19:12.011Z,"13 km ENE of G?ksun, Turkey",earthquake,4.77,1.859,0.196,12,reviewed,us,us,0.39591288194444446
2023-02-06 10:50:35.934000+00:00,37.9155,37.8106,16.124,4.3,mb,65,88,0.883,0.86,us,us6000jnu6,2023-04-15T21:40:03.040Z,"16 km NW of Tut, Turkey",earthquake,5.12,4.536,0.119,20,reviewed,us,us,0.39792747685185187
2023-02-06 10:50:56.892000+00:00,37.6189,37.9263,10.0,4.6,mb,52,108,0.724,0.89,us,us6000jlqm,2023-04-15T21:39:36.040Z,Central Turkey,earthquake,5.43,1.892,0.132,17,reviewed,us,us,0.3981700462962963
2023-02-06 10:51:30.994000+00:00,38.248,38.1847,10.0,5.7,mb,96,42,0.95,0.97,us,us6000jlql,2023-04-15T21:39:36.040Z,"7 km SW of Ye?ilyurt, Turkey",earthquake,4.74,1.773,0.047,158,reviewed,us,us,0.39856474537037034
2023-02-06 10:56:24.688000+00:00,37.9728,37.3801,10.0,4.6,mb,29,96,0.811,0.71,us,us6000jnt4,2023-04-15T21:40:02.040Z,"5 km W of Nurhak, Turkey",earthquake,4.71,1.926,0.222,6,reviewed,us,us,0.4019639814814815
2023-02-06 11:01:36.485000+00:00,37.8259,37.4436,13.77,4.8,mb,50,50,0.679,0.57,us,us6000jlqy,2023-04-15T21:39:37.040Z,"15 km S of Nurhak, Turkey",earthquake,5.37,3.889,0.109,26,reviewed,us,us,0.4055727430555556
2023-02-06 11:04:38.987000+00:00,38.0723,36.6628,15.349,4.2,mb,30,53,0.386,0.78,us,us6000jnt8,2023-04-15T21:40:02.040Z,"15 km ENE of Göksun, Turkey",earthquake,6.68,6.769,0.14,14,reviewed,us,us,0.40768503472222223
2023-02-06 11:05:35.084000+00:00,38.0752,36.7588,5.968,5.1,mb,86,68,0.426,0.61,us,us6000jlqr,2023-04-15T21:39:36.040Z,"23 km SW of Af?in, Turkey",earthquake,5.12,4.724,0.071,64,reviewed,us,us,0.4083343055555556
2023-02-06 11:11:40.849000+00:00,37.9593,37.3732,10.0,4.9,mb,56,65,0.797,0.64,us,us6000jlqx,2023-04-15T21:39:36.040Z,"5 km W of Nurhak, Turkey",earthquake,3.8,1.888,0.078,52,reviewed,us,us,0.4125676967592593
2023-02-06 11:20:24.969000+00:00,38.0274,37.7493,15.64,4.1,mb,18,82,0.955,0.52,us,us6000jnt9,2023-04-15T21:40:02.040Z,Central Turkey,earthquake,4.16,3.036,0.234,5,reviewed,us,us,0.41863390046296295
2023-02-06 11:28:01.235000+00:00,37.9321,38.246,13.126,4.3,mb,48,90,0.67,0.53,us,us6000jlr0,2023-04-15T21:39:37.040Z,"10 km S of Çelikhan, Turkey",earthquake,3.1,4.886,0.123,19,reviewed,us,us,0.42391475694444447
2023-02-06 11:28:33.812000+00:00,37.9264,36.9995,18.104,4.2,mb,20,156,0.623,0.34,us,us6000jnwp,2023-04-15T21:40:05.040Z,"22 km SW of Ekinözü, Turkey",earthquake,5.95,7.845,0.186,8,reviewed,us,us,0.4242918055555555
2023-02-06 11:30:44.548000+00:00,38.1794,37.955,11.962,4.1,mb,27,73,1.007,0.74,us,us6000jnuc,2023-04-15T21:40:03.040Z,"12 km NE of Do?an?ehir, Turkey",earthquake,4.47,5.314,0.158,12,reviewed,us,us,0.42580495370370375
2023-02-06 11:35:28.583000+00:00,37.9417,37.351,17.733,4.5,mb,95,64,0.776,0.41,us,us6000jlr9,2023-04-15T21:39:37.040Z,Central Turkey,earthquake,4.43,4.246,0.074,54,reviewed,us,us,0.4290923958333333
2023-02-06 11:39:41.665000+00:00,38.0622,36.5678,11.405,4.8,mb,75,41,0.364,0.56,us,us6000jlr7,2023-04-15T21:39:37.040Z,"7 km NE of Göksun, Turkey",earthquake,3.88,4.525,0.07,62,reviewed,us,us,0.43202158564814813
2023-02-06 11:44:09.385000+00:00,38.1471,38.0506,16.478,4.3,mb,41,75,0.933,0.29,us,us6000jntb,2023-04-15T21:40:02.040Z,eastern Turkey,earthquake,2.19,4.815,0.126,18,reviewed,us,us,0.4351201967592593
2023-02-06 11:50:04.398000+00:00,37.9721,36.3402,5.716,4.5,mb,60,52,0.391,0.34,us,us6000jlra,2023-04-15T21:39:37.040Z,"14 km WSW of Göksun, Turkey",earthquake,4.22,4.533,0.096,32,reviewed,us,us,0.43922914351851855
2023-02-06 11:51:22.063000+00:00,38.016,37.7225,16.818,4.5,mb,59,82,0.936,0.58,us,us6000jm76,2024-01-18T19:19:13.495Z,"15 km WSW of Do?an?ehir, Turkey",earthquake,3.97,4.26,0.093,34,reviewed,us,us,0.4401280439814815
2023-02-06 11:55:57.601000+00:00,38.0599,36.6805,7.09,4.3,mb,36,63,0.404,0.5,us,us6000jntd,2023-04-15T21:40:02.040Z,"16 km ENE of Göksun, Turkey",earthquake,3.17,6.263,0.137,15,reviewed,us,us,0.44331714120370375
2023-02-06 11:58:37.429000+00:00,38.0509,37.5686,15.351,4.7,mb,77,73,0.922,0.51,us,us6000jlrb,2023-04-15T21:39:37.040Z,"14 km NE of Nurhak, Turkey",earthquake,3.81,3.359,0.066,70,reviewed,us,us,0.44516700231481476
2023-02-06 12:02:11.275000+00:00,38.0582,36.5114,8.516,6.0,mb,138,25,0.356,0.54,us,us6000jlrc,2025-09-25T19:51:56.268Z,"4 km NNE of Göksun, Turkey",earthquake,4.32,3.954,0.024,647,reviewed,us,us,0.4476420717592593
2023-02-06 12:07:32.722000+00:00,38.0169,36.4016,8.28,4.4,mb,21,74,0.39,0.34,us,us6000jnwq,2023-04-15T21:40:05.040Z,"8 km W of Göksun, Turkey",earthquake,2.47,4.863,0.19,8,reviewed,us,us,0.4513625231481482
2023-02-06 12:13:48.646000+00:00,37.9248,37.3761,17.77,4.7,mb,87,66,0.763,0.38,us,us6000jlrg,2023-04-15T21:39:37.040Z,"7 km SW of Nurhak, Turkey",earthquake,3.3,4.0,0.063,78,reviewed,us,us,0.45571349537037037
2023-02-06 12:21:18.492000+00:00,38.0621,36.4541,8.221,4.4,mb,49,52,0.346,0.51,us,us6000jlrh,2023-04-15T21:39:37.040Z,"5 km NW of Göksun, Turkey",earthquake,3.46,4.939,0.107,25,reviewed,us,us,0.4609200462962963
2023-02-06 12:31:40.752000+00:00,37.8798,37.4824,16.174,4.2,mb,36,60,0.739,0.36,us,us6000jntg,2023-04-15T21:40:02.040Z,"10 km SSE of Nurhak, Turkey",earthquake,2.91,4.535,0.115,21,reviewed,us,us,0.4681221296296296
2023-02-06 12:32:48.345000+00:00,37.9345,38.0571,16.472,4.0,mb,26,52,0.781,0.66,us,us6000jnwf,2023-04-15T21:40:05.040Z,"18 km WSW of Çelikhan, Turkey",earthquake,4.07,5.472,0.196,7,reviewed,us,us,0.46890445601851855
2023-02-06 12:34:43.513000+00:00,38.0972,38.2339,14.471,4.9,mb,65,40,0.804,0.37,us,us6000jlrj,2023-04-15T21:39:37.040Z,"7 km N of Çelikhan, Turkey",earthquake,3.35,4.518,0.087,42,reviewed,us,us,0.47023741898148147
2023-02-06 12:36:33.066000+00:00,37.9664,37.7885,10.0,4.6,mb,65,85,0.917,0.69,us,us6000jlrk,2023-04-15T21:39:37.040Z,Central Turkey,earthquake,4.82,1.852,0.102,29,reviewed,us,us,0.4715053935185185
2023-02-06 12:48:01.449000+00:00,38.0382,36.8659,13.923,4.3,mb,48,55,0.51,0.5,us,us6000jlrp,2023-04-15T21:39:37.040Z,"23 km S of Af?in, Turkey",earthquake,4.62,5.289,0.133,16,reviewed,us,us,0.47947278935185184
2023-02-06 12:54:39.920000+00:00,38.0519,36.864,18.833,4.6,mb,77,48,0.499,0.38,us,us6000jlrq,2023-04-15T21:39:37.040Z,"22 km SSW of Af?in, Turkey",earthquake,4.11,4.53,0.085,41,reviewed,us,us,0.4840847222222222
2023-02-06 13:00:18.127000+00:00,38.1156,36.6841,10.0,4.5,mb,34,97,0.986,0.59,us,us6000jlrt,2023-04-15T21:39:37.040Z,"19 km ENE of Göksun, Turkey",earthquake,4.59,1.804,0.118,21,reviewed,us,us,0.4879991550925926
2023-02-06 13:03:17.843000+00:00,37.9978,37.4732,9.48,4.6,mb,80,77,0.85,0.8,us,us6000jntk,2023-04-15T21:40:02.040Z,"4 km NE of Nurhak, Turkey",earthquake,5.47,4.502,0.085,41,reviewed,us,us,0.4900792013888889
2023-02-06 13:06:39.750000+00:00,37.991,37.2762,19.665,4.5,mb,57,60,0.794,0.94,us,us6000jnu4,2023-04-15T21:40:03.040Z,"10 km SE of Ekinözü, Turkey",earthquake,4.47,4.524,0.108,25,reviewed,us,us,0.492416087962963
2023-02-06 13:07:45.076000+00:00,38.0384,37.371,16.904,5.0,mb,114,56,0.836,0.67,us,us6000jlrv,2023-04-15T21:39:37.040Z,Central Turkey,earthquake,2.07,3.632,0.053,115,reviewed,us,us,0.49317217592592594
2023-02-06 13:11:56.990000+00:00,38.0104,36.6564,10.0,4.7,mb,61,42,0.945,0.74,us,us6000jlry,2023-04-15T21:39:37.040Z,"14 km E of Göksun, Turkey",earthquake,3.29,1.835,0.086,41,reviewed,us,us,0.4960878472222222
2023-02-06 13:12:27.843000+00:00,37.9077,36.5237,10.0,4.8,mb,50,81,1.082,0.61,us,us6000jnvk,2023-04-15T21:40:04.040Z,"12 km S of Göksun, Turkey",earthquake,5.57,1.857,0.118,22,reviewed,us,us,0.49644494212962964
2023-02-06 13:14:01.462000+00:00,37.8011,37.9066,14.619,4.5,mb,33,105,0.81,0.91,us,us6000jntl,2023-04-15T21:40:02.040Z,"1 km NW of Tut, Turkey",earthquake,4.71,4.474,0.131,17,reviewed,us,us,0.49752849537037036
2023-02-06 13:17:42.209000+00:00,37.9951,36.3843,10.0,4.9,mb,106,30,0.412,0.78,us,us6000jls0,2023-04-15T21:39:37.040Z,"10 km WSW of Göksun, Turkey",earthquake,5.62,1.798,0.057,98,reviewed,us,us,0.5000834375000001
2023-02-06 13:22:01.325000+00:00,38.0367,37.3789,10.761,4.4,mb,40,71,0.874,0.49,us,us6000jntp,2023-04-15T21:40:02.040Z,Central Turkey,earthquake,4.67,4.794,0.144,14,reviewed,us,us,0.5030824652777778
2023-02-06 13:32:17.073000+00:00,38.2669,38.3801,10.0,4.3,mb,31,63,0.896,0.61,us,us6000jnwm,2023-04-15T21:40:05.040Z,"10 km SSE of Malatya, Turkey",earthquake,4.74,1.908,0.122,19,reviewed,us,us,0.5102091782407407
2023-02-06 13:33:15.653000+00:00,37.9231,37.5399,15.685,4.2,mb,32,64,0.794,1.06,us,us6000jnu9,2023-04-15T21:40:03.040Z,Central Turkey,earthquake,5.73,3.69,0.235,5,reviewed,us,us,0.5108871875
2023-02-06 13:39:24.254000+00:00,38.0166,37.7013,10.0,5.3,mb,221,33,0.929,1.23,us,us6000jls3,2023-04-15T21:39:37.040Z,"16 km WSW of Do?an?ehir, Turkey",earthquake,5.36,1.802,0.044,176,reviewed,us,us,0.5151534027777778
2023-02-06 13:44:51.298000+00:00,37.9405,37.4916,16.865,5.0,mb,106,64,0.799,0.71,us,us6000jls6,2023-04-15T21:39:38.040Z,"5 km ESE of Nurhak, Turkey",earthquake,3.9,3.84,0.055,105,reviewed,us,us,0.5189386342592592
2023-02-06 13:58:50.413000+00:00,38.0588,36.4642,10.0,4.3,mb,38,80,0.35,0.84,us,us6000jnts,2023-04-15T21:40:03.040Z,Central Turkey,earthquake,2.54,1.925,0.148,13,reviewed,us,us,0.5286506134259259
2023-02-06 14:03:08.489000+00:00,38.2079,37.8768,10.0,4.3,mb,41,50,1.07,0.83,us,us6000jntu,2023-04-15T21:40:03.040Z,"13 km N of Do?an?ehir, Turkey",earthquake,2.97,1.885,0.137,15,reviewed,us,us,0.5316376041666667
2023-02-06 14:04:49.444000+00:00,37.9944,36.4533,10.0,4.4,mb,67,36,0.413,0.64,us,us6000jls9,2023-04-15T21:39:38.040Z,"4 km SW of Göksun, Turkey",earthquake,2.34,1.873,0.098,30,reviewed,us,us,0.5328060648148149
2023-02-06 14:10:09.968000+00:00,37.7257,37.385,10.0,4.5,mb,102,66,0.57,0.87,us,us6000jlsb,2023-04-15T21:39:38.040Z,"8 km ESE of Ça?layancerit, Turkey",earthquake,5.75,1.875,0.075,52,reviewed,us,us,0.5365158333333333
2023-02-06 14:17:18.854000+00:00,37.8732,37.3571,21.255,4.4,mb,66,79,0.71,0.77,us,us6000jlsd,2024-01-18T19:19:14.943Z,"12 km SW of Nurhak, Turkey",earthquake,4.36,2.999,0.086,39,reviewed,us,us,0.5414797916666667
2023-02-06 14:27:43.394000+00:00,36.8097,36.5387,10.0,4.5,mb,78,60,0.648,0.68,us,us6000jlse,2023-04-15T21:39:38.040Z,"2 km ENE of Hassa, Turkey",earthquake,1.71,1.83,0.076,51,reviewed,us,us,0.5487082638888889
2023-02-06 14:29:57.853000+00:00,37.9977,36.4927,10.0,4.7,mb,104,39,0.413,0.89,us,us6000jlsf,2023-04-15T21:39:38.040Z,"2 km S of Göksun, Turkey",earthquake,3.64,1.831,0.066,70,reviewed,us,us,0.5502645023148148
2023-02-06 14:33:07.461000+00:00,38.0365,37.8572,10.0,4.5,mb,39,83,0.968,0.54,us,us6000jntw,2023-04-15T21:40:03.040Z,"5 km SSW of Do?an?ehir, Turkey",earthquake,2.38,1.656,0.191,8,reviewed,us,us,0.5524590393518519
2023-02-06 14:41:57.177000+00:00,38.1782,37.7439,10.0,4.5,mb,60,65,1.068,1.16,us,us6000jlsj,2023-04-15T21:39:38.040Z,"15 km NW of Do?an?ehir, Turkey",earthquake,3.68,1.899,0.113,23,reviewed,us,us,0.5585900115740741
2023-02-06 14:51:15.299000+00:00,38.0706,38.404,10.0,4.4,mb,84,28,0.71,0.7,us,us6000jlsl,2023-04-15T21:39:38.040Z,"15 km ENE of Çelikhan, Turkey",earthquake,4.6,1.869,0.092,34,reviewed,us,us,0.5650497569444445
2023-02-06 14:57:46.819000+00:00,38.0378,37.8354,10.0,4.3,mwr,67,52,0.983,1.13,us,us6000jlsn,2023-04-15T21:39:38.040Z,"6 km SSW of Do?an?ehir, Turkey",earthquake,2.26,1.816,0.098,10,reviewed,us,us,0.569581238425926
2023-02-06 15:14:34.402000+00:00,37.8791,37.7355,10.0,4.9,mwr,132,28,0.82,0.82,us,us6000jlsq,2023-04-15T21:39:38.040Z,"13 km NE of Gölba??, Turkey",earthquake,5.22,1.804,0.063,24,reviewed,us,us,0.5812430787037037
2023-02-06 15:33:32.721000+00:00,38.19,38.1756,7.43,5.4,mwr,112,29,1.273,0.8,us,us6000jlsu,2023-04-15T21:39:38.040Z,eastern Turkey,earthquake,5.06,1.918,0.08,15,reviewed,us,us,0.5944180671296296
2023-02-06 15:52:44.320000+00:00,37.868,37.8519,15.594,4.3,mb,48,97,0.862,0.93,us,us6000jnu2,2023-04-15T21:40:03.040Z,Central Turkey,earthquake,3.78,4.05,0.114,22,reviewed,us,us,0.6077467592592593
2023-02-06 15:59:27.990000+00:00,38.0709,37.5505,10.0,4.2,mb,44,75,0.937,1.22,us,us6000jnwa,2023-04-15T21:40:05.040Z,Central Turkey,earthquake,2.25,1.916,0.141,14,reviewed,us,us,0.6124188657407407
2023-02-06 16:06:42.958000+00:00,37.9972,36.9911,10.0,4.3,mb,52,51,0.609,0.83,us,us6000jlsy,2023-04-15T21:39:38.040Z,"18 km WSW of Ekinözü, Turkey",earthquake,3.24,1.158,0.119,20,reviewed,us,us,0.6174532175925925
2023-02-06 16:21:46.033000+00:00,38.0912,36.433,10.0,4.1,mb,33,49,0.316,1.08,us,us6000jnua,2023-04-15T21:40:03.040Z,"9 km NW of Göksun, Turkey",earthquake,1.65,1.901,0.198,7,reviewed,us,us,0.627905474537037
2023-02-06 16:22:44.967000+00:00,38.0189,36.5048,3.826,4.1,mb,22,77,0.394,0.55,us,us6000jnwi,2023-04-15T21:40:05.040Z,"0 km ESE of Göksun, Turkey",earthquake,2.61,6.205,0.213,6,reviewed,us,us,0.6285875810185185
2023-02-06 16:25:01.255000+00:00,38.0666,36.4607,10.0,4.2,mb,55,37,0.342,0.62,us,us6000jnuu,2023-04-15T21:40:04.040Z,"5 km NNW of Göksun, Turkey",earthquake,3.13,1.88,0.099,28,reviewed,us,us,0.6301649884259259
2023-02-06 16:26:15.464000+00:00,37.9826,36.8994,10.0,4.6,mb,122,44,0.569,0.58,us,us6000jlt5,2023-04-15T21:39:39.040Z,"26 km WSW of Ekinözü, Turkey",earthquake,2.78,1.812,0.064,72,reviewed,us,us,0.6310238888888889
2023-02-06 16:26:39.507000+00:00,38.0385,36.5982,10.0,4.8,mb,104,28,0.394,0.65,us,us6000jlt1,2023-04-15T21:39:39.040Z,"9 km ENE of Göksun, Turkey",earthquake,5.02,1.832,0.054,107,reviewed,us,us,0.6313021643518518
2023-02-06 16:27:19.276000+00:00,38.0468,36.4364,10.0,4.7,mwr,34,82,0.36,0.82,us,us6000jnwy,2023-04-15T21:40:06.040Z,"6 km WNW of Göksun, Turkey",earthquake,2.34,1.922,0.093,11,reviewed,us,us,0.6317624537037037
2023-02-06 16:28:08.698000+00:00,37.4633,36.981,5.178,4.7,mb,57,66,0.343,0.92,us,us6000jnu7,2023-04-15T21:40:03.040Z,"14 km SSE of Kahramanmara?, Turkey",earthquake,5.05,4.494,0.096,33,reviewed,us,us,0.6323344675925926
2023-02-06 16:32:11.661000+00:00,36.6625,36.4828,10.0,4.9,mb,128,68,0.773,0.91,us,us6000jlt7,2023-04-15T21:39:39.040Z,"14 km SSW of A?a?? Karafak?l?, Turkey",earthquake,4.88,1.816,0.053,110,reviewed,us,us,0.6351465393518518
2023-02-06 16:43:28.541000+00:00,38.0007,36.5078,10.0,5.0,mwr,128,33,0.412,0.88,us,us6000jlta,2023-04-15T21:39:39.040Z,"2 km SSE of Göksun, Turkey",earthquake,2.97,1.831,0.073,18,reviewed,us,us,0.6429807986111111
2023-02-06 16:55:35.783000+00:00,38.0112,37.4148,9.152,4.5,mb,110,56,0.853,0.57,us,us6000jlth,2023-04-15T21:39:39.040Z,"5 km NNW of Nurhak, Turkey",earthquake,3.83,4.113,0.073,55,reviewed,us,us,0.6513979513888889
2023-02-06 17:11:47.921000+00:00,37.961,37.3379,10.0,4.3,mwr,54,60,0.794,0.76,us,us6000jlu3,2023-04-15T21:39:39.040Z,"9 km W of Nurhak, Turkey",earthquake,1.65,1.903,0.075,17,reviewed,us,us,0.6626495486111111
2023-02-06 17:22:02.040000+00:00,38.1262,36.5145,10.0,4.1,mb,40,65,0.291,1.14,us,us6000jlww,2023-04-15T21:39:39.040Z,"11 km N of Göksun, Turkey",earthquake,3.98,1.821,0.135,15,reviewed,us,us,0.6697574074074074
2023-02-06 17:26:24.481000+00:00,38.097,36.696,10.0,4.5,mwr,99,33,0.379,0.85,us,us6000jlwh,2023-04-15T21:39:39.040Z,"19 km ENE of Göksun, Turkey",earthquake,4.12,1.799,0.06,27,reviewed,us,us,0.6727949189814815
2023-02-06 17:31:34.269000+00:00,37.0895,36.7386,10.0,4.5,mwr,83,57,0.385,1.12,us,us6000jly1,2023-04-15T21:39:39.040Z,"8 km S of Nurda??, Turkey",earthquake,5.63,1.849,0.071,19,reviewed,us,us,0.6763804282407407
2023-02-06 17:46:49.824000+00:00,38.0881,37.8449,10.0,4.5,mb,72,83,1.044,1.12,us,us6000jm13,2023-04-15T21:39:39.040Z,Central Turkey,earthquake,3.39,1.754,0.098,30,reviewed,us,us,0.6869771296296296
2023-02-06 18:02:44.660000+00:00,38.1022,36.5286,10.0,4.4,mb,59,46,0.317,0.77,us,us6000jm1n,2023-04-15T21:39:39.040Z,"9 km NNE of Göksun, Turkey",earthquake,5.14,1.893,0.098,30,reviewed,us,us,0.6980284722222223
2023-02-06 18:03:53.807000+00:00,37.9781,36.4456,10.0,5.2,mww,119,20,0.405,0.76,us,us6000jm1p,2024-01-18T19:19:16.453Z,"6 km SW of G?ksun, Turkey",earthquake,4.96,1.324,0.098,10,reviewed,us,us,0.6988287847222222
2023-02-06 18:48:48.760000+00:00,38.1659,38.1633,10.0,3.9,mwr,41,73,0.892,0.65,us,us6000jnul,2023-04-15T21:39:31.040Z,"16 km SSW of Ye?ilyurt, Turkey",earthquake,4.53,1.922,0.093,11,reviewed,us,us,0.7300203703703704
2023-02-06 18:49:54.341000+00:00,36.9291,36.7256,10.0,4.1,mb,20,196,0.457,1.0,us,us6000jnw9,2023-04-15T21:40:05.040Z,"17 km WNW of Musabeyli, Turkey",earthquake,4.58,1.938,0.213,6,reviewed,us,us,0.7307794097222222
2023-02-06 18:51:18.887000+00:00,36.9819,36.8786,10.0,4.3,mb,41,57,0.326,0.67,us,us6000jnuk,2023-04-15T21:40:03.040Z,"11 km NNW of Musabeyli, Turkey",earthquake,3.85,1.622,0.16,11,reviewed,us,us,0.7317579513888889
2023-02-06 18:55:52.597000+00:00,37.9398,38.1889,10.0,4.2,mb,19,91,0.707,0.82,us,us6000jnux,2023-04-15T21:40:04.040Z,"10 km SSW of Çelikhan, Turkey",earthquake,3.59,1.936,0.529,1,reviewed,us,us,0.7349258912037038
2023-02-06 19:12:31.181000+00:00,38.0322,37.3231,10.0,4.1,mb,34,70,0.805,0.71,us,us6000jnuy,2023-04-15T21:40:04.040Z,"12 km ESE of Ekinözü, Turkey",earthquake,3.37,1.658,0.197,7,reviewed,us,us,0.7464835763888888
2023-02-06 19:15:47.865000+00:00,37.989,36.3922,10.0,4.2,mwr,49,36,0.41,1.09,us,us6000jm1w,2023-04-15T21:39:39.040Z,Central Turkey,earthquake,2.19,1.88,0.065,23,reviewed,us,us,0.748760011574074
2023-02-06 19:25:01.538000+00:00,37.8505,36.6645,10.0,4.5,mb,36,44,0.37,0.8,us,us6000jnuz,2023-04-15T21:40:04.040Z,"23 km SE of Göksun, Turkey",earthquake,4.6,1.422,0.156,12,reviewed,us,us,0.7551682638888889
2023-02-06 19:30:59.475000+00:00,38.0086,37.2784,10.0,4.4,mb,70,80,0.786,0.68,us,us6000jm1z,2023-04-15T21:39:40.040Z,"9 km SE of Ekinözü, Turkey",earthquake,5.66,1.79,0.092,34,reviewed,us,us,0.7593110532407408
2023-02-06 19:35:50.641000+00:00,37.4801,37.1528,10.0,4.2,mwr,69,49,0.311,0.69,us,us6000jm21,2023-04-15T21:39:40.040Z,"13 km W of Pazarc?k, Turkey",earthquake,5.61,1.837,0.068,21,reviewed,us,us,0.7626810300925926
2023-02-06 19:40:16.799000+00:00,38.0516,38.1927,9.27,4.4,mwr,109,39,0.787,0.71,us,us6000jm2a,2023-04-15T21:39:40.040Z,"4 km NW of Çelikhan, Turkey",earthquake,5.7,4.397,0.071,19,reviewed,us,us,0.7657615624999999
2023-02-06 19:49:40.242000+00:00,38.0947,36.6422,10.0,4.2,mwr,56,31,0.358,0.61,us,us6000jm28,2024-01-18T19:19:19.424Z,"15 km ENE of G?ksun, Turkey",earthquake,2.92,1.912,0.069,20,reviewed,us,us,0.7722828935185185
2023-02-06 20:05:35.045000+00:00,38.0339,36.3096,10.0,4.8,mwr,91,35,0.382,0.83,us,us6000jm29,2023-04-15T21:39:40.040Z,"Adana, Turkey",earthquake,4.33,1.81,0.06,27,reviewed,us,us,0.7833338541666667
2023-02-06 20:11:49.233000+00:00,37.8934,37.6383,14.754,4.3,mb,45,90,0.702,0.9,us,us6000jnuq,2023-04-15T21:40:03.040Z,Central Turkey,earthquake,4.9,5.204,0.177,9,reviewed,us,us,0.7876647337962962
2023-02-06 20:14:11.184000+00:00,37.9649,36.479,6.59,4.3,mb,55,46,0.399,0.73,us,us6000jm2k,2023-04-15T21:39:40.040Z,"6 km SSW of Göksun, Turkey",earthquake,4.35,3.494,0.111,23,reviewed,us,us,0.7893076851851851
2023-02-06 20:37:51.879000+00:00,37.2507,37.0859,10.0,5.3,mww,137,34,0.126,0.76,us,us6000jm2r,2023-04-15T21:39:40.040Z,"32 km SW of Pazarc?k, Turkey",earthquake,2.81,1.754,0.071,19,reviewed,us,us,0.8057509143518519
2023-02-06 20:40:06.434000+00:00,38.2636,37.9916,10.0,4.9,mb,44,68,1.052,0.76,us,us6000jnut,2024-01-18T19:19:20.916Z,"8 km SSE of Ak?ada?, Turkey",earthquake,3.2,1.839,0.112,25,reviewed,us,us,0.8073082638888888
2023-02-06 20:44:00.230000+00:00,38.0063,36.5773,10.0,4.8,mwr,93,30,0.419,0.67,us,us6000jm2t,2023-04-15T21:39:40.040Z,Central Turkey,earthquake,2.29,1.795,0.063,24,reviewed,us,us,0.8100142361111111
2023-02-06 20:53:24.379000+00:00,38.2106,38.2511,10.0,4.8,mwr,115,32,0.891,0.9,us,us6000jm2v,2023-04-15T21:39:40.040Z,"9 km S of Ye?ilyurt, Turkey",earthquake,4.01,1.805,0.083,14,reviewed,us,us,0.816543738425926
2023-02-06 20:54:01.125000+00:00,37.9263,36.4655,10.0,4.4,mb,28,62,0.359,1.12,us,us6000jnvx,2023-04-15T21:40:05.040Z,Central Turkey,earthquake,3.07,1.916,0.17,11,reviewed,us,us,0.8169690393518518
2023-02-06 21:02:06.978000+00:00,36.7444,36.4904,19.625,4.5,mb,80,68,0.717,0.78,us,us6000jm2x,2023-04-15T21:39:40.040Z,"6 km SSW of Hassa, Turkey",earthquake,4.85,4.269,0.076,50,reviewed,us,us,0.822592337962963
2023-02-06 21:15:18.245000+00:00,38.072,37.034,10.235,4.9,mwr,135,47,0.589,0.66,us,us6000jm30,2023-04-15T21:39:40.040Z,"13 km W of Ekinözü, Turkey",earthquake,4.77,3.056,0.052,35,reviewed,us,us,0.8317505208333332
2023-02-06 21:57:43.529000+00:00,38.032,36.5882,9.855,4.7,mwr,166,27,0.398,0.58,us,us6000jm3c,2023-04-15T21:39:40.040Z,"8 km E of Göksun, Turkey",earthquake,5.55,1.946,0.053,34,reviewed,us,us,0.8612098263888889
2023-02-06 22:09:51.889000+00:00,38.0814,36.8993,10.236,4.1,mb,33,67,0.499,0.67,us,us6000jnuw,2023-04-15T21:40:04.040Z,"18 km S of Af?in, Turkey",earthquake,2.75,6.787,0.165,10,reviewed,us,us,0.8696399189814814
2023-02-06 22:11:36.032000+00:00,38.1918,38.1778,8.296,4.4,mwr,74,71,0.906,0.81,us,us6000jm3f,2023-04-15T21:39:41.040Z,eastern Turkey,earthquake,3.01,4.378,0.078,16,reviewed,us,us,0.8708452777777779
2023-02-06 22:26:17.724000+00:00,37.9513,37.4756,5.481,4.2,mwr,62,68,0.638,0.73,us,us6000jm3l,2023-04-15T21:39:41.040Z,"3 km ESE of Nurhak, Turkey",earthquake,5.14,4.613,0.073,18,reviewed,us,us,0.8810500462962964
2023-02-06 22:29:39.343000+00:00,38.0473,36.4145,6.86,4.1,mwr,100,28,0.359,0.51,us,us6000jm3n,2023-04-15T21:39:41.040Z,"7 km WNW of Göksun, Turkey",earthquake,3.52,4.506,0.083,14,reviewed,us,us,0.8833835995370369
2023-02-06 22:44:54.848000+00:00,38.0613,36.5637,13.174,4.2,mb,26,75,0.364,0.42,us,us6000jnv1,2023-04-15T21:40:04.040Z,"7 km NE of Göksun, Turkey",earthquake,2.3,1.306,0.199,7,reviewed,us,us,0.8939797222222222
2023-02-06 22:55:27.276000+00:00,37.9341,36.6247,11.221,4.0,mb,33,74,0.417,0.67,us,us6000jnv2,2023-04-15T21:40:04.040Z,"14 km SE of Göksun, Turkey",earthquake,2.31,5.325,0.15,12,reviewed,us,us,0.9012994907407407
2023-02-06 23:13:30.166000+00:00,37.9846,37.404,10.0,4.2,mwr,40,68,0.623,0.76,us,us6000jnv4,2023-04-15T21:40:04.040Z,"3 km NW of Nurhak, Turkey",earthquake,2.47,1.001,0.08,15,reviewed,us,us,0.9138329398148148
2023-02-07 00:20:16.237000+00:00,37.8431,36.6148,10.0,4.2,mb,53,34,0.339,0.74,us,us6000jp3d,2023-04-15T21:40:06.040Z,"22 km SSE of Göksun, Turkey",earthquake,3.52,1.635,0.112,22,reviewed,us,us,0.9601995023148148
2023-02-07 01:18:07.375000+00:00,38.0195,36.4624,10.0,4.3,mb,23,66,0.389,0.89,us,us6000jp3f,2023-04-15T21:40:06.040Z,"3 km W of Göksun, Turkey",earthquake,1.3,1.928,0.201,7,reviewed,us,us,1.0003747106481482
2023-02-07 01:29:18.918000+00:00,38.0903,36.7693,10.0,4.2,mb,62,36,0.42,0.78,us,us6000jm4r,2023-04-15T21:39:41.040Z,"21 km SW of Af?in, Turkey",earthquake,2.41,1.897,0.121,19,reviewed,us,us,1.0081471990740742
2023-02-07 01:32:00.826000+00:00,38.0152,36.5543,10.0,4.4,mb,31,56,0.406,0.55,us,us6000jp3g,2023-04-15T21:40:06.040Z,"5 km E of Göksun, Turkey",earthquake,3.9,1.9,0.169,10,reviewed,us,us,1.0100211342592593
2023-02-07 01:34:29.191000+00:00,37.4326,37.0521,10.0,4.4,mb,46,111,0.141,0.76,us,us6000jm4x,2023-04-15T21:39:41.040Z,"20 km SSE of Kahramanmara?, Turkey",earthquake,5.7,1.928,0.123,19,reviewed,us,us,1.0117383217592593
2023-02-07 02:28:20.753000+00:00,38.0265,37.5093,10.0,4.1,mb,30,118,0.71,0.8,us,us6000jp53,2023-04-15T21:40:07.040Z,"9 km NE of Nurhak, Turkey",earthquake,3.75,1.925,0.214,6,reviewed,us,us,1.0491406597222221
2023-02-07 02:43:27.973000+00:00,38.1044,36.9078,10.0,4.4,mb,41,45,0.961,0.75,us,us6000jm54,2023-04-15T21:39:42.040Z,"15 km S of Af?in, Turkey",earthquake,2.64,1.885,0.134,16,reviewed,us,us,1.0596408912037036
2023-02-07 02:53:29.007000+00:00,38.0387,36.5733,10.0,4.4,mb,63,48,0.388,0.38,us,us6000jm57,2023-04-15T21:39:42.040Z,"6 km ENE of Göksun, Turkey",earthquake,3.61,1.861,0.12,20,reviewed,us,us,1.0665973032407408
2023-02-07 03:02:54.008000+00:00,37.3373,37.1197,10.0,4.3,mb,24,76,0.18,0.65,us,us6000jm5a,2023-04-15T21:39:42.040Z,"23 km SW of Pazarc?k, Turkey",earthquake,3.71,1.643,0.178,9,reviewed,us,us,1.0731366666666666
2023-02-07 03:08:57.248000+00:00,37.917,37.6406,10.0,4.8,mwr,102,55,0.717,0.73,us,us6000jm5c,2023-04-18T21:46:04.040Z,"14 km N of Gölba??, Turkey",earthquake,4.88,1.854,0.057,30,reviewed,us,us,1.0773408333333334
2023-02-07 03:13:12.754000+00:00,37.7639,37.7309,10.0,5.5,mww,136,45,0.722,0.58,us,us6000jm5e,2023-04-15T21:39:42.040Z,"8 km ESE of Gölba??, Turkey",earthquake,5.01,1.719,0.062,25,reviewed,us,us,1.0802980787037038
2023-02-07 03:16:16.365000+00:00,37.6089,37.3755,10.0,4.6,mb,42,99,0.392,0.56,us,us6000jp3y,2023-04-15T21:40:06.040Z,"15 km NNE of Pazarc?k, Turkey",earthquake,1.51,1.946,0.122,20,reviewed,us,us,1.0824232060185186
2023-02-07 03:30:01.492000+00:00,37.748,37.6323,10.0,4.3,mb,54,78,0.63,1.04,us,us6000jp3x,2023-04-15T21:40:06.040Z,"3 km S of Gölba??, Turkey",earthquake,1.3,1.913,0.147,13,reviewed,us,us,1.091973287037037
2023-02-07 03:58:56.236000+00:00,37.507,37.227,10.0,4.2,mwr,37,89,0.26,0.77,us,us6000jp3k,2023-04-15T21:40:06.040Z,"6 km WNW of Pazarc?k, Turkey",earthquake,4.34,1.836,0.069,20,reviewed,us,us,1.1120513425925926
2023-02-07 04:07:57.801000+00:00,37.7181,37.4217,10.0,4.1,mb,24,87,0.466,0.62,us,us6000jp3l,2023-04-15T21:40:06.040Z,Kahramanmaras Earthquake Sequence,earthquake,3.36,1.483,0.214,6,reviewed,us,us,1.1183194560185186
2023-02-07 04:16:42.272000+00:00,37.9036,37.4321,10.0,3.9,mb,32,81,0.58,0.73,us,us6000jm5s,2023-04-15T21:39:31.040Z,"6 km S of Nurhak, Turkey",earthquake,2.99,1.918,0.209,6,reviewed,us,us,1.124389722222222
2023-02-07 04:42:03.194000+00:00,36.8131,36.6306,10.0,4.4,mb,59,57,0.586,0.77,us,us6000jm5v,2023-04-15T21:39:42.040Z,"7 km ENE of A?a?? Karafak?l?, Turkey",earthquake,4.32,1.873,0.115,22,reviewed,us,us,1.141992986111111
2023-02-07 06:15:23.256000+00:00,38.0668,38.1413,17.718,4.1,mb,31,65,0.825,0.38,us,us6000jp3w,2023-04-15T21:40:06.040Z,"9 km WNW of Çelikhan, Turkey",earthquake,4.45,4.852,0.145,13,reviewed,us,us,1.2068085185185184
2023-02-07 06:26:11.987000+00:00,37.3357,36.8762,7.505,4.2,mb,23,150,0.17,0.4,us,us6000jp3v,2023-04-15T21:40:06.040Z,"22 km NE of Nurda??, Turkey",earthquake,2.38,5.007,0.187,8,reviewed,us,us,1.2143169791666666
2023-02-07 06:40:53.780000+00:00,38.0342,36.455,6.359,4.5,mwr,55,44,0.374,0.49,us,us6000jm69,2023-04-15T21:39:42.040Z,"3 km WNW of Göksun, Turkey",earthquake,3.12,5.179,0.068,21,reviewed,us,us,1.2245229166666667
2023-02-07 06:48:51.697000+00:00,38.3144,37.5808,5.787,4.5,mwr,79,39,0.919,0.64,us,us6000jm6b,2023-04-15T21:39:42.040Z,"26 km SSE of Darende, Turkey",earthquake,3.17,4.163,0.069,20,reviewed,us,us,1.230054363425926
2023-02-07 07:26:36.313000+00:00,38.0311,37.5813,16.18,4.4,mb,66,65,0.753,1.05,us,us6000jm6v,2024-01-18T19:19:28.823Z,"14 km ENE of Nurhak, Turkey",earthquake,2.98,4.552,0.127,18,reviewed,us,us,1.2562651967592593
2023-02-07 07:45:06.565000+00:00,36.8855,36.6006,10.0,4.2,mb,31,104,0.565,0.81,us,us6000jp49,2023-04-15T21:40:07.040Z,"12 km NE of Hassa, Turkey",earthquake,3.14,1.803,0.305,3,reviewed,us,us,1.2691153356481482
2023-02-07 07:54:23.648000+00:00,36.5768,36.4539,10.0,4.3,mb,35,56,0.849,0.96,us,us6000jm6x,2023-04-15T21:39:43.040Z,"12 km NE of K?r?khan, Turkey",earthquake,4.98,1.912,0.217,6,reviewed,us,us,1.2755630555555555
2023-02-07 08:25:46.610000+00:00,37.8817,37.528,10.0,4.2,mwr,63,56,0.624,0.78,us,us6000jm71,2023-04-15T21:39:43.040Z,"11 km SE of Nurhak, Turkey",earthquake,5.01,1.877,0.083,14,reviewed,us,us,1.2973565972222223
2023-02-07 09:53:31.468000+00:00,38.1471,36.3693,20.355,4.2,mb,45,53,0.263,0.43,us,us6000jp42,2023-04-15T21:40:06.040Z,"17 km NW of Göksun, Turkey",earthquake,3.73,1.655,0.118,22,reviewed,us,us,1.3582924537037036
2023-02-07 10:07:18.238000+00:00,37.5226,37.1468,10.944,4.2,mb,65,47,0.197,0.49,us,us6000jp54,2023-04-15T21:40:07.040Z,"14 km WNW of Pazarc?k, Turkey",earthquake,5.6,3.328,0.082,43,reviewed,us,us,1.367861550925926
2023-02-07 10:27:32.024000+00:00,38.3061,38.1915,16.052,4.6,mb,120,42,0.997,0.38,us,us6000jm7h,2023-04-15T21:39:43.040Z,eastern Turkey,earthquake,4.51,3.721,0.058,91,reviewed,us,us,1.38191
2023-02-07 10:56:29.905000+00:00,37.8696,36.6642,8.656,4.5,mb,68,68,0.384,0.7,us,us6000jm7k,2023-04-15T21:39:43.040Z,Central Turkey,earthquake,6.72,5.002,0.083,44,reviewed,us,us,1.402024363425926
2023-02-07 10:57:45.760000+00:00,37.8906,36.6707,10.0,4.1,mwr,65,44,0.403,0.71,us,us6000jp48,2023-04-15T21:40:07.040Z,"21 km SE of Göksun, Turkey",earthquake,3.49,1.86,0.089,12,reviewed,us,us,1.4029023148148148
2023-02-07 11:01:11.695000+00:00,37.9808,37.6619,3.759,4.4,mb,97,51,0.768,0.47,us,us6000jp4b,2023-04-15T21:40:07.040Z,"19 km E of Nurhak, Turkey",earthquake,4.92,3.872,0.069,62,reviewed,us,us,1.4052858217592594
2023-02-07 12:07:03.774000+00:00,38.2171,38.263,15.409,4.5,mb,93,26,0.892,0.54,us,us6000jm7q,2023-04-15T21:39:43.040Z,"8 km S of Ye?ilyurt, Turkey",earthquake,3.77,4.057,0.071,59,reviewed,us,us,1.4510274768518518
2023-02-07 14:23:17.029000+00:00,38.0426,36.5803,10.0,4.4,mb,53,41,0.386,0.8,us,us6000jp4j,2023-04-15T21:40:07.040Z,"7 km ENE of Göksun, Turkey",earthquake,1.86,1.872,0.13,17,reviewed,us,us,1.5456253356481482
2023-02-07 15:31:28.295000+00:00,37.3758,37.1447,10.0,4.7,mwr,126,34,0.21,0.64,us,us6000jm95,2023-04-15T21:39:44.040Z,"18 km SW of Pazarc?k, Turkey",earthquake,5.54,1.867,0.063,24,reviewed,us,us,1.592977951388889
2023-02-07 15:48:54.123000+00:00,37.9939,36.4771,11.132,5.0,mww,138,22,0.415,0.61,us,us6000jm96,2023-04-15T21:39:44.040Z,"3 km SSW of Göksun, Turkey",earthquake,5.2,3.312,0.062,25,reviewed,us,us,1.6050824421296295
2023-02-07 16:54:31.685000+00:00,37.9421,37.323,17.033,4.1,mb,26,74,0.55,1.18,us,us6000jp57,2023-04-15T21:40:07.040Z,"10 km WSW of Nurhak, Turkey",earthquake,2.92,4.662,0.234,5,reviewed,us,us,1.650656076388889
2023-02-07 17:38:00.327000+00:00,37.8896,37.6276,16.287,4.2,mb,32,102,0.79,0.97,us,us6000jmar,2023-04-15T21:39:44.040Z,Central Turkey,earthquake,3.95,4.841,0.141,15,reviewed,us,us,1.6808486921296295
2023-02-07 17:53:50.882000+00:00,38.0002,36.4438,8.524,4.2,mb,71,35,0.407,0.68,us,us6000jp4m,2023-04-15T21:40:07.040Z,"5 km WSW of Göksun, Turkey",earthquake,3.2,4.683,0.098,34,reviewed,us,us,1.6918504861111112
2023-02-07 18:09:59.860000+00:00,37.9358,36.6013,17.857,5.3,mww,165,26,0.409,0.61,us,us6000jmat,2023-04-15T21:39:45.040Z,Central Turkey,earthquake,4.64,2.021,0.093,11,reviewed,us,us,1.703065509259259
2023-02-07 18:14:08.571000+00:00,37.8659,38.2929,26.793,4.4,mb,49,60,0.597,0.68,us,us6000jp5e,2023-04-15T21:40:08.040Z,"11 km N of Ad?yaman, Turkey",earthquake,4.21,4.996,0.138,17,reviewed,us,us,1.7059441087962963
2023-02-07 19:13:49.620000+00:00,38.0472,36.9204,13.0,4.4,mwr,96,42,0.535,0.72,us,us6000jmbj,2023-04-15T21:39:45.040Z,Central Turkey,earthquake,3.78,1.727,0.06,27,reviewed,us,us,1.7473914351851851
2023-02-07 21:21:25.723000+00:00,37.904,37.4957,3.541,4.7,mww,136,45,0.618,0.68,us,us6000jmc7,2023-04-15T21:39:45.040Z,Central Turkey,earthquake,5.34,3.849,0.075,17,reviewed,us,us,1.836003738425926
2023-02-07 21:58:54.224000+00:00,37.4201,36.9564,12.635,4.1,mb,20,90,0.096,0.73,us,us6000jp4u,2024-01-18T19:19:42.261Z,"18 km S of Kahramanmara?, Turkey",earthquake,3.88,3.357,0.302,3,reviewed,us,us,1.8620280555555555
2023-02-07 22:07:54.879000+00:00,38.0663,36.5541,12.635,4.2,mb,56,45,0.357,0.58,us,us6000jp4v,2023-04-15T21:40:07.040Z,Central Turkey,earthquake,3.17,4.898,0.118,20,reviewed,us,us,1.8682856365740739
2023-02-07 22:45:27.921000+00:00,38.0992,36.5507,6.069,4.2,mb,51,37,0.325,1.21,us,us6000jp4y,2023-04-15T21:40:07.040Z,"9 km NNE of Göksun, Turkey",earthquake,3.51,6.818,0.146,13,reviewed,us,us,1.894362511574074
2023-02-08 00:11:55.118000+00:00,38.0835,37.1939,14.197,4.1,mb,33,63,0.622,0.44,us,us6000jme5,2023-04-15T21:39:45.040Z,"2 km NNE of Ekinözü, Turkey",earthquake,4.06,5.32,0.174,9,reviewed,us,us,1.9543995138888888
2023-02-08 02:25:12.724000+00:00,37.8759,38.1193,10.0,4.3,mb,63,80,1.008,0.58,us,us6000jmem,2023-04-15T21:39:46.040Z,"18 km NW of Ad?yaman, Turkey",earthquake,4.44,1.836,0.119,20,reviewed,us,us,2.046964398148148
2023-02-08 02:55:57.054000+00:00,37.1601,36.6433,10.0,4.1,mb,17,89,0.401,0.32,us,us6000jpcg,2023-04-15T21:40:09.040Z,"7 km SE of Bahçe, Turkey",earthquake,1.89,1.953,0.369,2,reviewed,us,us,2.068310810185185
2023-02-08 03:01:02.184000+00:00,37.1511,36.671,10.0,4.3,mb,31,111,0.398,0.51,us,us6000jmer,2023-04-15T21:39:46.040Z,"6 km WSW of Nurda??, Turkey",earthquake,2.86,1.904,0.153,12,reviewed,us,us,2.0718424074074075
2023-02-08 05:52:37.157000+00:00,38.0593,36.7087,10.0,4.2,mwr,61,46,0.416,1.29,us,us6000jmfk,2023-04-15T21:39:46.040Z,"19 km ENE of Göksun, Turkey",earthquake,3.18,1.028,0.071,19,reviewed,us,us,2.1909971875000003
2023-02-08 06:08:34.681000+00:00,37.9558,38.313,10.0,4.4,mb,38,86,0.653,0.87,us,us6000jmfp,2023-04-15T21:39:46.040Z,"10 km SE of Çelikhan, Turkey",earthquake,4.58,1.922,0.178,9,reviewed,us,us,2.202079641203704
2023-02-08 07:20:41.894000+00:00,36.7009,36.3794,10.0,4.4,mb,30,105,0.815,0.92,us,us6000jpcf,2023-04-15T21:40:08.040Z,"16 km ENE of Denizciler, Turkey",earthquake,4.23,1.92,0.24,5,reviewed,us,us,2.252163125
2023-02-08 07:48:31.978000+00:00,38.0061,36.4959,10.0,5.0,mww,102,27,0.405,0.99,us,us6000jmg1,2023-04-15T21:39:46.040Z,"1 km S of Göksun, Turkey",earthquake,4.37,1.782,0.054,33,reviewed,us,us,2.271492800925926
2023-02-08 08:45:36.239000+00:00,37.8795,37.7666,12.886,4.1,mwr,36,70,0.782,0.92,us,us6000jmg5,2023-04-15T21:39:47.040Z,"15 km NE of Gölba??, Turkey",earthquake,3.43,4.642,0.093,11,reviewed,us,us,2.311125451388889
2023-02-08 09:13:07.114000+00:00,36.6565,36.5077,10.0,4.3,mb,35,137,0.762,0.48,us,us6000jpch,2024-01-18T19:19:53.259Z,"14 km SSW of A?a?? Karafak?l?, Turkey",earthquake,4.2,1.913,0.154,12,reviewed,us,us,2.330232800925926
2023-02-08 09:52:11.967000+00:00,38.0337,36.5009,10.0,4.4,mb,49,51,0.379,0.62,us,us6000jpcs,2023-04-15T21:40:09.040Z,"1 km NNE of Göksun, Turkey",earthquake,2.46,1.698,0.123,19,reviewed,us,us,2.3573723032407408
2023-02-08 10:26:23.750000+00:00,37.1554,37.0022,6.602,4.4,mwr,67,113,0.167,0.97,us,us6000jmg9,2023-04-15T21:39:47.040Z,"23 km E of Nurda??, Turkey",earthquake,4.22,4.353,0.093,11,reviewed,us,us,2.381119791666667
2023-02-08 11:00:19.726000+00:00,38.0268,37.7704,10.0,4.1,mwr,33,82,0.864,0.8,us,us6000jmge,2023-04-15T21:39:47.040Z,"11 km SW of Do?an?ehir, Turkey",earthquake,4.67,1.961,0.08,15,reviewed,us,us,2.404684328703704
2023-02-08 11:11:52.969000+00:00,37.9389,37.6611,9.559,5.4,mww,155,44,0.743,0.66,us,us6000jmgf,2023-04-15T21:39:47.040Z,"17 km N of Gölba??, Turkey",earthquake,4.63,3.921,0.05,39,reviewed,us,us,2.412707974537037
2023-02-08 11:24:00.758000+00:00,37.9367,37.6179,3.53,4.5,mwr,79,79,0.714,0.72,us,us6000jmgg,2023-04-15T21:39:47.040Z,Central Turkey,earthquake,4.88,4.816,0.08,15,reviewed,us,us,2.4211314583333334
2023-02-08 11:37:21.861000+00:00,38.0802,36.8835,10.0,4.0,mb,24,76,0.491,0.64,us,us6000jpdb,2023-04-15T21:40:10.040Z,"18 km S of Af?in, Turkey",earthquake,2.73,1.974,0.232,5,reviewed,us,us,2.4304034837962964
2023-02-08 13:22:46.806000+00:00,37.9312,38.2283,17.226,4.1,mb,32,45,0.679,0.38,us,us6000jmgv,2023-04-15T21:39:47.040Z,"10 km S of Çelikhan, Turkey",earthquake,2.65,5.034,0.198,7,reviewed,us,us,2.5036088657407407
2023-02-08 14:20:24.960000+00:00,37.9963,37.4325,5.398,5.1,mww,188,55,0.647,0.55,us,us6000jmh3,2023-04-15T21:39:47.040Z,"3 km N of Nurhak, Turkey",earthquake,3.81,3.653,0.083,14,reviewed,us,us,2.5436337962962963
2023-02-08 14:42:21.367000+00:00,38.0953,36.6525,11.674,4.4,mb,96,36,0.362,0.59,us,us6000jmhg,2023-04-15T21:39:48.040Z,"15 km ENE of Göksun, Turkey",earthquake,3.14,4.428,0.087,38,reviewed,us,us,2.558869988425926
2023-02-08 15:04:43.256000+00:00,38.0391,36.953,10.0,4.3,mb,62,45,0.535,0.74,us,us6000jmhk,2023-04-15T21:39:48.040Z,Central Turkey,earthquake,3.09,0.971,0.1,28,reviewed,us,us,2.574401111111111
2023-02-08 15:49:58.075000+00:00,37.8218,36.5994,1.576,4.3,mwr,61,47,0.314,0.69,us,us6000jmj3,2023-04-15T21:39:48.040Z,Central Turkey,earthquake,5.18,3.471,0.069,20,reviewed,us,us,2.605822627314815
2023-02-08 16:55:40.516000+00:00,38.0244,37.1589,10.0,4.4,mb,53,53,0.557,0.88,us,us6000jmja,2023-04-15T21:39:48.040Z,"4 km SSW of Ekinözü, Turkey",earthquake,2.5,1.858,0.114,22,reviewed,us,us,2.6514527314814815
2023-02-08 18:35:12.129000+00:00,37.5096,37.116,10.0,4.4,mb,30,66,0.172,0.78,us,us6000jpcx,2023-04-15T21:40:09.040Z,"16 km W of Pazarc?k, Turkey",earthquake,2.31,1.925,0.203,7,reviewed,us,us,2.720568622685185
2023-02-08 19:05:19.712000+00:00,38.0531,36.5409,10.0,4.5,mb,32,40,0.366,1.04,us,us6000jmk0,2023-04-15T21:39:48.040Z,"5 km NE of Göksun, Turkey",earthquake,3.57,1.883,0.27,4,reviewed,us,us,2.741489722222222
2023-02-08 20:12:06.104000+00:00,38.1972,38.1247,10.0,4.5,mb,34,72,0.935,0.81,us,us6000jmkh,2023-04-15T21:39:48.040Z,"15 km SW of Ye?ilyurt, Turkey",earthquake,2.5,1.932,0.27,4,reviewed,us,us,2.78786
2023-02-08 22:36:49.468000+00:00,38.2135,38.1703,10.0,4.0,mb,34,70,0.928,0.66,us,us6000jmll,2023-04-15T21:39:49.040Z,"11 km SW of Ye?ilyurt, Turkey",earthquake,3.65,1.943,0.164,10,reviewed,us,us,2.888361898148148
2023-02-09 01:44:19.249000+00:00,37.8831,37.7147,8.154,4.5,mb,59,84,0.815,0.83,us,us6000jmma,2023-04-15T21:39:49.040Z,"13 km NNE of Gölba??, Turkey",earthquake,4.23,3.919,0.118,21,reviewed,us,us,3.018567696759259
2023-02-09 03:24:55.884000+00:00,36.8136,36.4252,10.0,4.3,mb,23,154,0.723,1.05,us,us6000jmmw,2023-04-15T21:39:49.040Z,"8 km W of Hassa, Turkey",earthquake,4.53,1.812,0.266,4,reviewed,us,us,3.0884361574074077
2023-02-09 04:18:20.615000+00:00,37.9616,36.3641,10.0,4.3,mb,35,52,0.381,0.66,us,us6000jpjv,2023-04-15T21:40:10.040Z,"13 km WSW of Göksun, Turkey",earthquake,2.46,1.643,0.266,4,reviewed,us,us,3.125527951388889
2023-02-09 04:34:45.242000+00:00,38.0951,38.4712,15.955,4.3,mb,28,115,1.361,0.55,us,us6000jmn4,2023-04-15T21:39:50.040Z,"14 km WNW of Sincik, Turkey",earthquake,3.81,6.128,0.266,4,reviewed,us,us,3.1369240972222223
2023-02-09 05:24:26.530000+00:00,38.0679,36.6086,8.594,4.4,mb,37,50,0.371,0.52,us,us6000jpjz,2023-04-15T21:40:11.040Z,"11 km ENE of Göksun, Turkey",earthquake,3.33,5.563,0.178,9,reviewed,us,us,3.1714297453703706
2023-02-09 05:37:34.149000+00:00,38.1849,38.1997,15.513,4.3,mb,46,71,0.891,0.44,us,us6000jmnc,2023-04-15T21:39:50.040Z,"12 km SSW of Ye?ilyurt, Turkey",earthquake,4.68,2.262,0.161,15,reviewed,us,us,3.1805457060185183
2023-02-09 06:49:51.214000+00:00,37.8752,37.6589,14.944,4.1,mb,43,45,0.706,0.65,us,us6000jpk4,2024-01-18T19:20:19.926Z,"10 km N of G?lba??, Turkey",earthquake,4.18,1.411,0.14,19,reviewed,us,us,3.2307432175925923
2023-02-09 07:18:17.198000+00:00,36.9611,36.6603,8.379,4.6,mwr,82,39,0.487,0.56,us,us6000jmnp,2023-04-15T21:39:50.040Z,Turkey-Syria border region,earthquake,3.73,4.158,0.056,31,reviewed,us,us,3.2504884027777776
2023-02-09 07:42:08.070000+00:00,37.995,36.5954,6.994,4.3,mb,49,36,0.435,0.57,us,us6000jmnx,2023-04-15T21:39:50.040Z,"9 km ESE of Göksun, Turkey",earthquake,2.15,4.55,0.126,19,reviewed,us,us,3.267049421296296
2023-02-09 07:57:06.462000+00:00,38.0799,36.5452,8.987,4.2,mb,24,109,0.342,0.45,us,us6000jpk6,2023-04-15T21:40:11.040Z,Central Turkey,earthquake,2.27,1.238,0.215,6,reviewed,us,us,3.277447476851852
2023-02-09 10:42:24.454000+00:00,37.2659,36.9198,11.669,4.3,mb,40,84,0.239,0.86,us,us6000jmpu,2023-04-15T21:39:50.040Z,"19 km ENE of Nurda??, Turkey",earthquake,2.02,5.143,0.217,6,reviewed,us,us,3.392239050925926
2023-02-09 11:48:32.158000+00:00,37.9921,37.7044,10.0,4.3,mb,35,65,0.802,1.02,us,us6000jmq7,2023-04-15T21:39:51.040Z,"17 km SW of Do?an?ehir, Turkey",earthquake,1.82,1.884,0.307,3,reviewed,us,us,3.438161550925926
2023-02-09 12:22:05.037000+00:00,37.9544,37.7834,10.0,4.1,mb,22,80,0.832,0.63,us,us6000jpkf,2023-04-15T21:40:11.040Z,"16 km SSW of Do?an?ehir, Turkey",earthquake,3.1,1.664,0.369,2,reviewed,us,us,3.4614587615740744
2023-02-09 17:51:52.392000+00:00,38.0746,36.5194,10.0,4.0,mb,31,51,0.341,1.39,us,us6000jpkn,2023-04-15T21:40:11.040Z,"6 km NNE of Göksun, Turkey",earthquake,2.63,1.83,0.212,6,reviewed,us,us,3.690479074074074
2023-02-09 19:37:46.503000+00:00,38.0264,36.6096,10.0,4.1,mb,22,81,0.409,1.16,us,us6000jpku,2023-04-15T21:40:11.040Z,"9 km E of Göksun, Turkey",earthquake,3.12,1.925,0.524,1,reviewed,us,us,3.764022025462963
2023-02-09 21:46:29.508000+00:00,37.1694,36.8496,10.0,4.2,mb,49,84,0.288,0.5,us,us6000jmvn,2023-04-15T21:39:52.040Z,"10 km E of Nurda??, Turkey",earthquake,1.63,1.935,0.14,14,reviewed,us,us,3.853408657407407
2023-02-09 22:06:39.447000+00:00,37.1058,36.6317,5.459,4.2,mb,19,109,0.453,0.46,us,us6000jmvs,2023-04-15T21:39:52.040Z,"8 km ESE of Hasanbeyli, Turkey",earthquake,3.72,5.777,0.096,30,reviewed,us,us,3.8674125810185185
2023-02-10 01:50:59.593000+00:00,37.8685,36.631,5.225,4.3,mwr,69,40,0.367,0.75,us,us6000jmzj,2023-04-15T21:39:52.040Z,"20 km SE of Göksun, Turkey",earthquake,3.67,3.789,0.06,27,reviewed,us,us,4.02320130787037
2023-02-10 02:03:42.954000+00:00,38.1343,38.2167,10.0,4.4,mb,62,45,0.842,0.9,us,us6000jmzl,2023-04-15T21:39:52.040Z,"12 km N of Çelikhan, Turkey",earthquake,4.22,1.831,0.097,31,reviewed,us,us,4.03203650462963
2023-02-10 04:50:24.791000+00:00,38.1736,38.1714,10.0,4.7,mwr,82,47,0.894,0.92,us,us6000jn0h,2023-04-15T21:39:53.040Z,"15 km SSW of Ye?ilyurt, Turkey",earthquake,2.89,1.85,0.05,39,reviewed,us,us,4.1477985069444445
2023-02-10 04:53:51.269000+00:00,38.0858,38.451,10.0,4.2,mb,35,53,0.708,0.88,us,us6000jpmm,2023-04-15T21:40:12.040Z,eastern Turkey,earthquake,3.42,1.898,0.2,7,reviewed,us,us,4.150188298611111
2023-02-10 09:02:49.022000+00:00,38.0757,38.1756,7.345,4.3,mb,57,49,0.815,0.33,us,us6000jn1b,2023-04-15T21:39:53.040Z,"7 km NW of Çelikhan, Turkey",earthquake,4.65,4.588,0.138,17,reviewed,us,us,4.323078958333333
2023-02-10 10:01:20.828000+00:00,38.1976,38.1375,10.0,4.4,mb,44,44,0.907,0.72,us,us6000jn2a,2023-04-15T21:39:53.040Z,"14 km SW of Ye?ilyurt, Turkey",earthquake,3.72,1.91,0.178,10,reviewed,us,us,4.363724861111111
2023-02-10 17:00:51.366000+00:00,37.8868,36.2951,2.087,4.7,mwr,128,34,0.309,0.72,us,us6000jn4r,2023-04-15T21:39:55.040Z,"21 km ESE of Saimbeyli, Turkey",earthquake,2.68,3.738,0.061,26,reviewed,us,us,4.655050532407407
2023-02-11 00:24:43.131000+00:00,36.5556,36.5606,10.0,4.1,mb,53,85,0.806,0.66,us,us6000jn77,2023-04-15T21:39:56.040Z,"19 km ENE of K?r?khan, Turkey",earthquake,4.91,1.799,0.135,15,reviewed,us,us,4.963288553240741
2023-02-11 03:38:24.893000+00:00,37.9489,38.4382,10.26,4.2,mb,72,43,0.591,0.87,us,us6000jn88,2023-04-15T21:39:56.040Z,"18 km WSW of Sincik, Turkey",earthquake,4.3,3.98,0.103,26,reviewed,us,us,5.0977996875
2023-02-11 04:47:04.418000+00:00,37.8165,36.5708,10.0,4.3,mb,60,49,0.296,0.85,us,us6000jn8d,2023-04-15T21:39:57.040Z,Central Turkey,earthquake,3.43,1.877,0.114,22,reviewed,us,us,5.145479375
2023-02-11 06:06:23.849000+00:00,37.9256,38.192,10.0,4.0,mb,27,92,0.695,0.56,us,us6000jn8z,2023-04-15T21:39:57.040Z,"11 km SSW of Çelikhan, Turkey",earthquake,3.46,1.959,0.183,8,reviewed,us,us,5.200565381944444
2023-02-11 06:28:13.163000+00:00,38.0647,36.5778,8.106,4.6,mb,32,75,0.364,0.53,us,us6000jn97,2023-04-15T21:39:57.040Z,"8 km NE of Göksun, Turkey",earthquake,2.67,5.35,0.173,10,reviewed,us,us,5.215719479166666
2023-02-11 07:55:41.897000+00:00,37.0598,36.95,4.748,4.6,mwr,45,114,0.236,0.62,us,us6000jn9a,2023-04-15T21:39:57.040Z,"19 km N of Musabeyli, Turkey",earthquake,4.36,4.594,0.058,29,reviewed,us,us,5.276468715277778
2023-02-11 09:03:36.465000+00:00,38.0281,38.1329,4.448,4.3,mb,29,84,0.801,0.64,us,us6000jn9p,2023-04-15T21:39:57.040Z,"9 km W of Çelikhan, Turkey",earthquake,3.67,5.651,0.217,6,reviewed,us,us,5.32362806712963
2023-02-11 11:05:17.347000+00:00,38.1233,36.6274,13.853,4.3,mb,58,48,0.328,0.38,us,us6000jnai,2023-04-15T21:39:57.040Z,"16 km NE of Göksun, Turkey",earthquake,4.21,3.683,0.101,28,reviewed,us,us,5.408129016203704
2023-02-11 11:59:53.865000+00:00,37.8492,36.67,8.739,4.2,mb,28,49,0.372,0.45,us,us6000jpp7,2023-04-15T21:40:13.040Z,"24 km SE of Göksun, Turkey",earthquake,3.08,3.86,0.146,13,reviewed,us,us,5.446051678240741
2023-02-11 12:54:58.944000+00:00,38.0902,36.6163,8.66,4.1,mb,33,44,0.353,0.55,us,us6000jnaq,2023-04-15T21:39:57.040Z,"12 km NE of Göksun, Turkey",earthquake,2.07,7.539,0.214,6,reviewed,us,us,5.484304907407408
2023-02-11 14:38:03.890000+00:00,37.9428,36.5034,10.0,4.4,mb,37,55,0.383,0.65,us,us6000jnay,2023-04-15T21:39:58.040Z,"8 km S of Göksun, Turkey",earthquake,4.14,1.408,0.107,25,reviewed,us,us,5.555889930555556
2023-02-11 20:39:04.780000+00:00,37.7557,37.8675,11.351,4.3,mb,47,79,0.783,0.8,us,us6000jnc0,2023-04-15T21:39:58.040Z,"6 km SW of Tut, Turkey",earthquake,3.93,4.046,0.109,24,reviewed,us,us,5.806594675925926
2023-02-11 22:29:15.692000+00:00,36.6384,36.5737,10.0,4.3,mb,37,99,0.737,0.73,us,us6000jncp,2023-04-15T21:39:59.040Z,Turkey-Syria border region,earthquake,4.86,1.875,0.104,27,reviewed,us,us,5.883109861111111
2023-02-11 23:30:56.494000+00:00,38.0249,36.4218,10.0,4.1,mb,83,33,0.382,0.64,us,us6000jncu,2023-04-15T21:39:59.040Z,"6 km W of Göksun, Turkey",earthquake,3.57,1.861,0.084,39,reviewed,us,us,5.925943217592593
2023-02-12 04:29:14.767000+00:00,37.796,38.2326,10.0,4.3,mb,37,105,0.587,0.82,us,us6000jndu,2023-04-22T21:33:01.040Z,"5 km NW of Ad?yaman, Turkey",earthquake,4.22,1.502,0.217,6,reviewed,us,us,6.133099155092593
2023-02-12 04:46:30.728000+00:00,36.5324,36.4568,10.0,4.3,mb,30,193,0.879,0.43,us,us6000jndy,2023-04-22T21:33:01.040Z,"9 km ENE of K?r?khan, Turkey",earthquake,2.61,1.945,0.216,6,reviewed,us,us,6.145089444444444
2023-02-12 04:52:59.139000+00:00,37.9055,37.4792,10.0,4.1,mb,40,83,0.609,1.14,us,us6000jndz,2023-04-22T21:33:01.040Z,"7 km SSE of Nurhak, Turkey",earthquake,3.43,1.573,0.151,12,reviewed,us,us,6.149584942129629
2023-02-12 08:14:10.398000+00:00,38.0797,37.3193,7.67,4.4,mb,36,62,0.663,0.47,us,us6000jqbp,2023-04-22T21:33:21.040Z,"11 km E of Ekinözü, Turkey",earthquake,3.13,2.103,0.12,20,reviewed,us,us,6.289298587962963
2023-02-12 10:00:25.592000+00:00,38.1339,38.2786,16.771,4.1,mb,31,56,0.815,0.6,us,us6000jnf7,2023-04-22T21:33:02.040Z,"12 km NNE of Çelikhan, Turkey",earthquake,2.44,4.706,0.174,9,reviewed,us,us,6.363085555555555
2023-02-12 12:25:22.576000+00:00,36.7991,36.7677,4.27,4.2,mb,51,71,0.514,0.47,us,us6000jnfg,2024-01-18T19:21:00.944Z,"16 km SW of Musabeyli, Turkey",earthquake,4.09,4.014,0.118,20,reviewed,us,us,6.463745092592593
2023-02-12 13:29:14.610000+00:00,37.9553,38.2894,10.0,4.3,mwr,58,41,0.665,0.67,us,us6000jnfq,2023-04-22T21:33:02.040Z,"9 km SSE of Çelikhan, Turkey",earthquake,4.33,1.857,0.068,21,reviewed,us,us,6.508097337962963
2023-02-12 14:30:03.956000+00:00,37.8149,36.7003,10.0,4.4,mb,32,50,0.347,1.17,us,us6000jng3,2023-04-22T21:33:02.040Z,"29 km SE of Göksun, Turkey",earthquake,5.99,1.913,0.109,24,reviewed,us,us,6.550335138888889
2023-02-12 17:28:17.826000+00:00,38.083,36.6197,10.0,4.1,mb,33,54,0.36,0.88,us,us6000jngq,2023-04-22T21:33:03.040Z,"12 km ENE of Göksun, Turkey",earthquake,2.25,1.896,0.185,8,reviewed,us,us,6.674106782407407
2023-02-12 18:33:14.268000+00:00,37.3429,36.9989,9.339,4.7,mwr,111,35,0.18,0.7,us,us6000jnh1,2023-04-22T21:33:03.040Z,"27 km SSE of Kahramanmara?, Turkey",earthquake,4.57,3.738,0.071,19,reviewed,us,us,6.719204490740741
2023-02-12 19:02:29.312000+00:00,37.2623,37.0849,10.0,4.3,mb,72,75,0.134,0.66,us,us6000jnh5,2023-04-22T21:33:03.040Z,"31 km SW of Pazarc?k, Turkey",earthquake,4.84,1.892,0.095,31,reviewed,us,us,6.739517500000001
2023-02-12 21:21:34.902000+00:00,36.5999,36.8854,10.0,4.4,mb,17,111,2.394,0.81,us,us6000jqc3,2023-04-22T21:33:21.040Z,"9 km N of ‘Afr?n, Syria",earthquake,7.21,1.961,0.24,5,reviewed,us,us,6.836109976851852
2023-02-12 22:52:59.819000+00:00,38.0251,36.6342,10.0,4.3,mwr,84,55,1.031,0.57,us,us6000jni7,2023-04-22T21:33:04.040Z,"12 km E of Göksun, Turkey",earthquake,4.11,1.83,0.056,31,reviewed,us,us,6.8995928125
2023-02-13 11:59:17.459000+00:00,36.8844,36.6204,11.34,4.5,mwr,88,44,0.552,0.65,us,us6000jnks,2023-04-22T21:33:05.040Z,"12 km NNE of A?a?? Karafak?l?, Turkey",earthquake,4.55,3.923,0.05,38,reviewed,us,us,7.4456303125000005
2023-02-13 15:15:05.178000+00:00,37.8703,36.2865,10.0,4.2,mb,46,37,0.293,0.63,us,us6000jnlc,2023-04-22T21:33:05.040Z,"21 km SE of Saimbeyli, Turkey",earthquake,2.25,1.789,0.186,8,reviewed,us,us,7.5815992824074065
2023-02-13 19:20:27.970000+00:00,38.0051,36.42,7.437,4.6,mwr,100,40,0.958,0.89,us,us6000jnmc,2023-04-22T21:33:06.040Z,Central Turkey,earthquake,4.0,3.363,0.063,24,reviewed,us,us,7.752001967592593
2023-02-14 01:56:32.424000+00:00,36.781,36.1142,10.0,4.2,mb,18,84,2.899,1.06,us,us6000jqtp,2023-04-22T21:33:24.040Z,"12 km WSW of Dörtyol, Turkey",earthquake,4.0,1.963,0.526,1,reviewed,us,us,8.02705351851852
2023-02-14 13:13:07.027000+00:00,37.8316,37.9533,12.979,4.0,mb,36,69,0.792,0.55,us,us6000jnqy,2023-04-22T21:33:07.040Z,"5 km NE of Tut, Turkey",earthquake,3.04,4.462,0.211,6,reviewed,us,us,8.496898460648149
2023-02-14 15:50:37.803000+00:00,38.0849,37.166,0.343,4.4,mb,52,54,0.671,0.92,us,us6000jnxk,2023-04-22T21:33:08.040Z,"3 km NW of Ekinözü, Turkey",earthquake,1.55,5.092,0.111,23,reviewed,us,us,8.60628244212963
2023-02-15 00:06:02.819000+00:00,36.7937,36.5503,10.0,4.2,mb,58,74,0.649,0.89,us,us6000jp0a,2023-04-22T21:33:08.040Z,Turkey-Syria border region,earthquake,4.61,1.877,0.091,34,reviewed,us,us,8.950321979166667
2023-02-15 06:25:30.679000+00:00,38.0945,36.7069,10.0,4.3,mb,66,48,0.386,0.7,us,us6000jp1e,2023-04-22T21:33:09.040Z,Central Turkey,earthquake,5.08,1.881,0.106,25,reviewed,us,us,9.213838877314815
2023-02-15 07:36:29.833000+00:00,38.0187,36.4651,5.224,4.4,mwr,60,33,0.39,0.67,us,us6000jp25,2023-04-22T21:33:10.040Z,"2 km W of Göksun, Turkey",earthquake,3.4,4.465,0.051,37,reviewed,us,us,9.263134641203704
2023-02-15 22:25:57.731000+00:00,38.0487,36.6395,6.273,4.2,mb,54,38,0.398,0.49,us,us6000jp8t,2023-04-22T21:33:11.040Z,"12 km ENE of Göksun, Turkey",earthquake,3.4,4.737,0.098,29,reviewed,us,us,9.880818645833333
2023-02-15 23:43:38.793000+00:00,37.3595,36.8701,13.697,3.9,mb,27,106,0.329,0.52,us,us6000jp9e,2023-04-22T21:33:12.040Z,"24 km NNE of Nurda??, Turkey",earthquake,3.56,6.035,0.171,9,reviewed,us,us,9.934766122685184
2023-02-16 14:45:42.473000+00:00,38.1997,37.8377,10.0,4.6,mwr,44,58,0.973,1.1,us,us6000jpdx,2023-04-22T21:33:13.040Z,"12 km NNW of Do?an?ehir, Turkey",earthquake,2.06,1.863,0.052,36,reviewed,us,us,10.561197604166667
2023-02-16 16:38:32.250000+00:00,37.9197,37.5097,10.0,4.1,mb,35,83,0.636,0.58,us,us6000jpee,2023-04-22T21:33:14.040Z,"7 km SE of Nurhak, Turkey",earthquake,2.11,1.922,0.302,3,reviewed,us,us,10.63955150462963
2023-02-16 23:53:24.376000+00:00,37.8609,37.9524,10.0,4.1,mb,21,67,0.807,0.74,us,us6000jpha,2023-04-22T21:33:14.040Z,"7 km NNE of Tut, Turkey",earthquake,3.04,1.901,0.261,4,reviewed,us,us,10.941543703703704
2023-02-17 14:58:56.344000+00:00,37.9375,36.3279,6.44,4.4,mwr,60,52,0.357,0.53,us,us6000jpnr,2023-04-22T21:33:16.040Z,"17 km WSW of Göksun, Turkey",earthquake,2.27,4.177,0.063,24,reviewed,us,us,11.570385925925926
2023-02-17 19:10:38.916000+00:00,38.0804,38.1774,15.797,3.9,mwr,58,79,0.817,0.94,us,us6000jpr3,2024-01-18T19:22:07.317Z,"8 km NW of ?elikhan, Turkey",earthquake,2.57,4.38,0.068,21,reviewed,us,us,11.745184212962963
2023-02-18 05:26:04.931000+00:00,38.073,37.1651,5.16,4.0,mwr,38,62,0.604,0.79,us,us6000jpun,2023-04-22T21:33:18.040Z,"2 km NW of Ekinözü, Turkey",earthquake,2.63,4.886,0.06,27,reviewed,us,us,12.172568645833335
2023-02-18 16:14:41.445000+00:00,37.9217,38.1144,9.326,4.0,mb,36,93,0.738,0.84,us,us6000jpxx,2023-04-22T21:33:19.040Z,eastern Turkey,earthquake,4.25,5.017,0.164,10,reviewed,us,us,12.622991261574075
2023-02-18 19:31:31.742000+00:00,38.0696,36.5991,12.158,5.0,mww,122,33,0.366,0.59,us,us6000jpyq,2023-04-22T21:33:20.040Z,"10 km ENE of Göksun, Turkey",earthquake,3.37,2.577,0.058,29,reviewed,us,us,12.75968451388889
2023-02-19 00:56:11.610000+00:00,38.0406,36.2306,6.431,4.3,mwr,69,30,0.395,0.69,us,us6000jq0m,2023-04-29T21:57:10.040Z,"13 km ENE of Saimbeyli, Turkey",earthquake,2.64,4.628,0.052,35,reviewed,us,us,12.985145949074075
2023-02-19 03:59:10.433000+00:00,37.1416,36.8384,9.74,4.1,mwr,54,88,0.298,0.8,us,us6000jq1d,2023-04-29T21:57:11.040Z,"9 km ESE of Nurda??, Turkey",earthquake,2.42,3.816,0.056,31,reviewed,us,us,13.112215659722223
2023-02-19 04:06:17.623000+00:00,37.2737,36.8291,10.0,4.2,mb,29,106,0.238,0.63,us,us6000jq1h,2023-04-29T21:57:11.040Z,"14 km NE of Nurda??, Turkey",earthquake,5.11,1.421,0.186,8,reviewed,us,us,13.117159988425925
2023-02-19 04:07:41.230000+00:00,37.3021,36.8869,11.749,4.3,mwr,66,63,0.203,0.73,us,us6000jq1g,2023-04-29T21:57:11.040Z,"19 km NE of Nurda??, Turkey",earthquake,5.39,2.78,0.049,40,reviewed,us,us,13.118127662037036
2023-02-19 12:04:33.897000+00:00,38.2354,38.1917,5.306,4.6,mwr,90,48,0.864,0.46,us,us6000jq3c,2023-04-29T21:57:13.040Z,"8 km SW of Ye?ilyurt, Turkey",earthquake,3.61,2.216,0.044,49,reviewed,us,us,13.449292789351853
2023-02-19 21:30:30.167000+00:00,37.3725,36.8705,10.0,3.9,mwr,47,65,0.135,0.66,us,us6000jq69,2023-04-29T21:57:14.040Z,"24 km SSW of Kahramanmara?, Turkey",earthquake,2.49,1.901,0.058,29,reviewed,us,us,13.84230517361111
2023-02-20 01:49:00.120000+00:00,38.0024,36.7996,6.718,4.3,mwr,103,35,0.503,0.89,us,us6000jq7l,2023-04-29T21:57:15.040Z,"26 km E of Göksun, Turkey",earthquake,5.48,3.681,0.048,42,reviewed,us,us,14.02181851851852
2023-02-20 23:21:14.407000+00:00,38.0175,37.3695,10.0,4.3,mwr,114,28,0.632,0.63,us,us6000jqft,2023-04-29T21:57:18.040Z,"8 km NW of Nurhak, Turkey",earthquake,3.78,1.833,0.062,25,reviewed,us,us,14.919206099537035
2023-02-21 09:56:46.442000+00:00,38.1698,38.4896,5.935,4.2,mb,40,99,0.774,0.44,us,us6000jqil,2023-04-29T21:57:21.040Z,"18 km NW of Sincik, Turkey",earthquake,5.0,5.335,0.104,27,reviewed,us,us,15.360549097222222
2023-02-21 10:09:38.143000+00:00,37.4411,37.2074,16.582,4.2,mb,32,84,0.253,0.68,us,us6000jqim,2023-04-29T21:57:21.040Z,Central Turkey,earthquake,5.03,4.845,0.215,6,reviewed,us,us,15.36948082175926
2023-02-21 11:55:52.878000+00:00,38.0685,37.43,10.747,4.1,mb,25,71,0.702,0.3,us,us6000jqiz,2023-04-29T21:57:21.040Z,"11 km N of Nurhak, Turkey",earthquake,2.27,5.936,0.174,9,reviewed,us,us,15.443262476851853
2023-02-22 04:40:03.213000+00:00,38.0463,36.6397,10.0,4.0,mb,41,62,0.4,0.74,us,us6000jqq1,2023-04-29T21:57:24.040Z,"12 km ENE of Göksun, Turkey",earthquake,3.46,1.891,0.15,12,reviewed,us,us,16.14060431712963
2023-02-22 07:56:55.082000+00:00,38.0395,37.8449,10.0,4.2,mb,54,60,0.919,0.99,us,us6000jqqy,2023-04-29T21:57:25.040Z,"5 km SSW of Do?an?ehir, Turkey",earthquake,3.2,1.735,0.153,12,reviewed,us,us,16.27731576388889
2023-02-22 20:36:08.040000+00:00,38.0438,38.3872,9.136,4.1,mb,50,42,0.693,0.78,us,us6000jqw3,2023-04-29T21:57:27.040Z,"13 km E of Çelikhan, Turkey",earthquake,2.59,4.73,0.111,22,reviewed,us,us,16.804549074074075
2023-02-23 03:23:02.764000+00:00,37.2286,37.0909,10.0,4.0,mb,27,113,0.11,0.53,us,us6000jqyd,2023-04-29T21:57:29.040Z,"31 km NW of Gaziantep, Turkey",earthquake,3.52,1.525,0.212,6,reviewed,us,us,17.08712689814815
2023-02-23 11:41:44.935000+00:00,38.0035,37.7419,10.0,4.4,mb,62,73,0.832,0.98,us,us6000jr08,2023-04-29T21:57:30.040Z,"14 km SW of Do?an?ehir, Turkey",earthquake,1.21,1.881,0.114,22,reviewed,us,us,17.43344832175926
2023-02-25 08:58:40.076000+00:00,38.3654,37.4414,5.166,4.1,mb,24,59,0.805,0.8,us,us6000jril,2023-04-29T21:57:37.040Z,"20 km SSW of Darende, Turkey",earthquake,2.19,5.697,0.233,5,reviewed,us,us,19.32019763888889
2023-02-25 12:41:13.746000+00:00,38.0367,37.067,6.703,4.4,mwr,108,49,0.547,0.41,us,us6000jrjg,2024-01-18T19:23:39.948Z,"10 km WSW of Ekin?z?, Turkey",earthquake,2.65,3.752,0.05,39,reviewed,us,us,19.47475400462963
2023-02-26 04:37:41.209000+00:00,38.0353,37.0903,10.0,4.3,mb,42,60,0.55,1.08,us,us6000jrn9,2023-05-08T01:59:28.040Z,"8 km WSW of Ekinözü, Turkey",earthquake,4.84,1.926,0.178,9,reviewed,us,us,20.138960752314816
2023-02-27 02:51:21.400000+00:00,37.8722,37.5853,10.0,4.7,mwr,165,30,0.655,0.59,us,us6000jrtz,2023-05-08T01:59:38.040Z,"10 km NNW of Gölba??, Turkey",earthquake,2.07,1.752,0.052,35,reviewed,us,us,21.06512037037037
2023-02-27 06:19:48.628000+00:00,37.9189,37.0464,8.266,4.2,mwr,99,47,0.429,0.46,us,us6000jrvk,2023-05-08T01:59:40.040Z,"19 km SW of Ekinözü, Turkey",earthquake,5.37,4.521,0.061,26,reviewed,us,us,21.209879953703705
2023-02-27 06:29:04.414000+00:00,36.6204,35.704,10.0,4.4,mb,37,145,1.086,0.64,us,us7000jhxe,2023-05-08T01:59:40.040Z,"30 km E of Karata?, Turkey",earthquake,3.14,1.832,0.143,15,reviewed,us,us,21.216312662037037
2023-02-27 09:04:51.865000+00:00,38.2144,38.2773,10.0,5.2,mww,107,26,0.878,0.74,us,us6000jrw4,2023-05-08T01:59:41.040Z,"9 km SSE of Ye?ilyurt, Turkey",earthquake,3.79,1.636,0.052,36,reviewed,us,us,21.324500752314815
2023-02-28 02:19:00.155000+00:00,38.2434,38.2911,10.0,4.2,mb,38,46,0.849,0.53,us,us7000jg5h,2023-05-08T01:59:49.040Z,"7 km SE of Ye?ilyurt, Turkey",earthquake,2.76,1.787,0.216,6,reviewed,us,us,22.042652256944447
2023-02-28 12:42:16.530000+00:00,37.4289,36.4287,13.271,4.3,mb,44,78,0.165,0.73,us,us7000jg8e,2023-05-08T01:59:54.040Z,"17 km SSE of And?r?n, Turkey",earthquake,2.48,5.12,0.133,16,reviewed,us,us,22.475480671296296
2023-02-28 14:39:54.956000+00:00,37.7893,36.7056,10.0,4.4,mwr,113,32,0.323,0.72,us,us7000jg90,2023-05-08T01:59:55.040Z,Central Turkey,earthquake,3.63,1.841,0.056,31,reviewed,us,us,22.557175416666666
2023-02-28 14:49:17.330000+00:00,37.9073,36.7306,10.0,3.9,mwr,50,48,0.423,0.88,us,us7000jg94,2023-05-08T01:59:56.040Z,"24 km ESE of Göksun, Turkey",earthquake,3.25,1.866,0.071,19,reviewed,us,us,22.563684375
2023-02-28 18:51:44.658000+00:00,37.2588,36.992,13.18,4.1,mb,28,104,0.194,0.81,us,us7000jgbe,2023-05-08T01:59:58.040Z,"24 km ENE of Nurda??, Turkey",earthquake,3.42,3.809,0.212,6,reviewed,us,us,22.732056226851853
2023-02-28 23:32:10.728000+00:00,37.2808,37.0318,11.969,4.1,mb,25,106,0.179,0.61,us,us7000jgdf,2023-05-08T02:00:01.040Z,"29 km ENE of Nurda??, Turkey",earthquake,3.19,5.071,0.303,3,reviewed,us,us,22.926802407407408
2023-03-01 02:23:22.581000+00:00,37.9019,36.8966,10.0,4.1,mwr,39,62,0.396,0.79,us,us7000jged,2023-05-08T02:00:02.040Z,Central Turkey,earthquake,6.86,1.925,0.058,29,reviewed,us,us,23.045689594907408
2023-03-01 04:15:31.399000+00:00,37.7611,37.8869,10.0,4.3,mb,31,109,0.798,0.74,us,us7000jgev,2023-05-08T02:00:03.040Z,"4 km SW of Tut, Turkey",earthquake,2.28,1.952,0.218,6,reviewed,us,us,23.12356943287037
2023-03-01 16:37:59.849000+00:00,37.2659,37.0676,9.357,4.4,mb,39,104,0.147,0.78,us,us7000jgly,2023-05-08T02:00:10.040Z,"31 km ENE of Nurda??, Turkey",earthquake,5.27,2.865,0.138,15,reviewed,us,us,23.639176493055555
2023-03-02 13:35:54+00:00,38.2315,38.1119,6.914,3.4,ml,16,70,0.878,0.71,us,us7000jgt5,2023-05-08T02:00:20.040Z,"13 km WSW of Ye?ilyurt, Turkey",earthquake,1.65,7.73,0.069,28,reviewed,us,us,24.51271990740741
2023-03-03 02:53:43.065000+00:00,37.8395,36.7004,7.12,5.0,mww,85,26,0.369,0.9,us,us7000jgyv,2023-05-08T02:00:31.040Z,"26 km SE of Göksun, Turkey",earthquake,5.78,3.331,0.059,28,reviewed,us,us,25.066760011574072
2023-03-04 05:27:34.779000+00:00,38.0299,38.2134,2.86,4.2,mb,35,82,0.76,0.71,us,us7000jh8x,2023-05-08T02:00:43.040Z,"2 km WNW of Çelikhan, Turkey",earthquake,4.71,5.136,0.147,13,reviewed,us,us,26.17360855324074
2023-03-05 20:49:46.490000+00:00,36.7867,36.1842,10.0,4.8,mwr,129,60,0.802,0.88,us,us7000jhi7,2023-05-15T02:50:35.040Z,"7 km SW of Dörtyol, Turkey",earthquake,4.89,1.816,0.066,22,reviewed,us,us,27.814021875
2023-03-06 05:51:08.086000+00:00,37.9373,37.9093,4.878,4.1,mb,35,92,0.877,0.23,us,us7000jhkj,2023-05-15T02:50:30.040Z,"15 km N of Tut, Turkey",earthquake,2.02,5.555,0.197,7,reviewed,us,us,28.18996627314815
2023-03-06 13:03:25.671000+00:00,38.197,37.2109,14.422,4.0,mb,30,60,0.66,0.82,us,us7000jhmg,2023-05-15T02:50:28.040Z,"1 km SE of Elbistan, Turkey",earthquake,2.72,5.095,0.298,3,reviewed,us,us,28.490169803240743
2023-03-07 09:40:12.279000+00:00,37.6641,36.608,8.301,4.4,mb,67,55,0.225,0.57,us,us7000jhv7,2023-05-15T02:50:20.040Z,"24 km ENE of And?r?n, Turkey",earthquake,3.85,4.734,0.086,39,reviewed,us,us,29.34904258101852
