sub_district_id,name,latitude,longitude,population,pop_i
SD001,Afşin,38.2438548,36.9152873,98000,9150
SD002,Andırın,37.5750172,36.355248,28000,2613
SD003,Çağlayancerit,37.7499656,37.2927846,22000,2049
SD004,Dulkadiroğlu,37.5797742,36.93124,310000,28963
SD005,Ekinözü,38.0606689,37.1894147,10000,927
SD006,Elbistan,38.2022294,37.1903006,170000,15880
SD007,Göksun,38.0213126,36.4945631,48000,4480
SD008,Nurhak,37.9661475,37.4421885,11000,1022
SD009,Onikişubat,37.5777575,36.923735,420000,39242
SD010,Pazarcık,37.4908476,37.2899692,75000,7005
SD011,Türkoğlu,37.3754351,36.862,65000,6067
