site_id,candidate_risk_blind,candidate_risk_aware,excluded_by_pga_filter,selected_risk_blind,selected_risk_aware,blind_pick_unsafe
S001,True,True,False,True,True,False
S002,True,True,False,True,True,False
S003,True,True,False,True,True,False
S004,True,True,False,True,True,False
S005,True,True,False,True,True,False
S006,True,True,False,True,True,False
S007,True,True,False,True,True,False
S008,True,True,False,True,True,False
S009,True,False,True,True,False,True
S010,True,True,False,False,False,False
S012,True,True,False,False,False,False
S014,True,True,False,True,True,False
S015,True,True,False,True,True,False
S016,True,True,False,False,False,False
S018,True,True,False,False,False,False
S019,True,True,False,False,False,False
S022,True,True,False,False,False,False
S023,True,True,False,True,True,False
S024,True,True,False,True,True,False
S025,True,True,False,True,True,False
S026,True,True,False,True,True,False
S028,True,True,False,True,True,False
S029,True,True,False,False,False,False
S030,True,True,False,False,True,False
S031,True,True,False,True,True,False
S032,True,True,False,True,True,False
S033,True,True,False,True,True,False
S034,True,True,False,True,True,False
S035,True,True,False,True,True,False
S046,True,True,False,False,False,False
S047,True,True,False,False,False,False
S048,True,True,False,False,False,False
S049,True,True,False,False,False,False
S051,True,True,False,True,True,False
S052,True,True,False,False,False,False
S053,True,True,False,False,False,False
S054,True,True,False,False,False,False
S055,True,True,False,False,False,False
S056,True,True,False,False,False,False
S057,True,True,False,False,False,False
S058,True,True,False,False,False,False
S059,True,True,False,True,True,False
S060,True,False,True,True,False,True
S062,True,True,False,False,False,False
S063,True,True,False,False,False,False
S064,True,True,False,True,True,False
S065,True,True,False,True,True,False
S066,True,True,False,True,True,False
S067,True,True,False,True,True,False
S068,True,True,False,True,True,False
S069,True,False,True,True,False,True
S070,True,True,False,True,True,False
S071,True,True,False,True,True,False
S072,True,True,False,False,False,False
S073,True,True,False,True,True,False
S074,True,True,False,True,True,False
S075,True,True,False,False,False,False
S076,True,True,False,False,True,False
S077,True,True,False,True,True,False
S078,True,True,False,True,True,False
S079,True,True,False,True,True,False
S080,True,True,False,True,True,False
S081,True,True,False,True,True,False
S082,True,True,False,True,True,False
S083,True,True,False,True,True,False
S084,True,False,True,True,False,True
S085,True,False,True,True,False,True
S086,True,True,False,True,True,False
S087,True,True,False,False,False,False
S088,True,False,True,False,False,False
S089,True,True,False,False,False,False
S090,True,True,False,False,False,False
S091,True,True,False,False,False,False
S092,True,False,True,True,False,True
S093,True,False,True,True,False,True
S094,True,False,True,True,False,True
S095,True,False,True,True,False,True
S096,True,True,False,True,True,False
S097,True,True,False,False,False,False
S098,True,True,False,False,False,False
S100,True,True,False,False,False,False
S101,True,True,False,True,True,False
S103,True,True,False,False,True,False
S104,True,True,False,False,False,False
S105,True,True,False,False,False,False
S106,True,True,False,False,False,False
S108,True,True,False,True,True,False
S109,True,True,False,True,True,False
S110,True,False,True,True,False,True
S111,True,True,False,True,True,False
S112,True,True,False,True,True,False
S113,True,True,False,False,False,False
S114,True,True,False,True,True,False
S115,True,True,False,True,True,False
S116,True,True,False,False,True,False
S117,True,True,False,False,True,False
S118,True,True,False,False,False,False
S119,True,True,False,False,False,False
S122,True,True,False,True,True,False
S124,True,True,False,True,True,False
S125,True,True,False,True,True,False
S126,True,True,False,True,True,False
S128,True,True,False,True,True,False
S129,True,True,False,True,True,False
S130,True,False,True,True,False,True
S131,True,False,True,True,False,True
S132,True,True,False,True,True,False
S133,True,True,False,True,True,False
S134,True,True,False,True,True,False
S135,True,True,False,False,False,False
S136,True,True,False,False,False,False
S137,True,True,False,False,True,False
S138,True,True,False,False,False,False
S139,True,True,False,False,True,False
S141,True,True,False,True,True,False
S142,True,True,False,False,True,False
S143,True,True,False,False,False,False
S144,True,True,False,False,False,False
S146,True,True,False,True,True,False
S147,True,True,False,False,False,False
S148,True,True,False,False,False,False
S149,True,True,False,False,False,False
S150,True,True,False,False,False,False
S151,True,True,False,False,False,False
S152,True,True,False,False,False,False
S153,True,True,False,True,True,False
S154,True,True,False,True,True,False
S155,True,True,False,False,True,False
S156,True,True,False,False,True,False
S158,True,True,False,False,False,False
S159,True,True,False,False,False,False
S160,True,True,False,False,False,False
S161,True,True,False,False,False,False
S162,True,True,False,False,False,False
S163,True,True,False,False,False,False
S164,True,True,False,False,False,False
S165,True,True,False,False,False,False
S166,True,True,False,False,False,False
S167,True,True,False,False,True,False
S168,True,True,False,True,True,False
S169,True,True,False,True,True,False
S170,True,True,False,True,True,False
S171,True,True,False,True,True,False
S172,True,True,False,False,False,False
S173,True,True,False,True,True,False
S174,True,True,False,True,True,False
S175,True,True,False,True,True,False
S176,True,True,False,False,False,False
S177,True,True,False,False,False,False
S178,True,True,False,False,False,False
S179,True,True,False,False,False,False
S180,True,True,False,False,False,False
S181,True,True,False,False,False,False
S182,True,True,False,False,False,False
S183,True,True,False,False,False,False
S184,True,True,False,False,True,False
S185,True,True,False,False,True,False
S186,True,True,False,False,False,False
S187,True,True,False,False,False,False
S188,True,True,False,False,False,False
S189,True,True,False,True,True,False
S190,True,True,False,False,False,False
S191,True,True,False,False,False,False
S192,True,True,False,False,False,False
S193,True,True,False,False,False,False
S194,True,True,False,False,False,False
S195,True,True,False,False,False,False
S196,True,True,False,False,False,False
S197,True,True,False,False,False,False
S198,True,True,False,False,False,False
S199,True,True,False,False,False,False
S200,True,True,False,False,False,False
S201,True,True,False,False,False,False
S202,True,True,False,False,False,False
S203,True,True,False,False,False,False
S204,True,True,False,False,False,False
S205,True,True,False,False,False,False
S206,True,True,False,False,False,False
S207,True,True,False,False,False,False
S208,True,True,False,False,False,False
S209,True,True,False,False,False,False
S210,True,True,False,False,False,False
S211,True,True,False,False,False,False
S212,True,True,False,False,False,False
S213,True,True,False,False,False,False
S214,True,True,False,False,False,False
S215,True,True,False,False,False,False
S216,True,True,False,False,False,False
S217,True,True,False,False,False,False
S218,True,True,False,False,False,False
S219,True,True,False,False,False,False
S220,True,True,False,False,False,False
S221,True,True,False,False,False,False
S222,True,True,False,False,False,False
S223,True,True,False,False,False,False
S224,True,True,False,False,False,False
S225,True,True,False,False,False,False
S226,True,True,False,False,False,False
S227,True,True,False,False,False,False
S228,True,True,False,False,False,False
S229,True,True,False,False,False,False
S230,True,True,False,False,False,False
S231,True,True,False,False,False,False
S232,True,True,False,False,False,False
S233,True,True,False,False,False,False
S234,True,True,False,False,False,False
S235,True,True,False,False,False,False
S236,True,True,False,False,False,False
S237,True,True,False,False,False,False
S238,True,True,False,False,False,False
S239,True,True,False,False,False,False
S240,True,True,False,False,False,False
S241,True,True,False,False,False,False
S242,True,True,False,False,False,False
S243,True,True,False,False,False,False
S244,True,True,False,False,False,False
S245,True,True,False,False,False,False
S246,True,True,False,False,False,False
S247,True,True,False,False,False,False
S248,True,True,False,False,False,False
S249,True,True,False,False,False,False
S250,True,True,False,True,True,False
S251,True,True,False,False,True,False
S252,True,True,False,False,True,False
S253,True,True,False,False,False,False
S254,True,True,False,False,False,False
S255,True,True,False,False,False,False
S256,True,True,False,False,False,False
S257,True,True,False,False,False,False
S258,True,True,False,True,True,False
S259,True,True,False,False,False,False
S260,True,True,False,False,False,False
S261,True,True,False,False,False,False
S262,True,True,False,True,True,False
S263,True,True,False,True,True,False
S264,True,True,False,True,True,False
S265,True,True,False,False,False,False
S266,True,True,False,False,False,False
S267,True,True,False,False,False,False
S268,True,True,False,False,False,False
S269,True,True,False,False,False,False
S270,True,True,False,False,False,False
S271,True,True,False,False,False,False
S272,True,True,False,False,False,False
S273,True,True,False,False,False,False
S274,True,True,False,False,False,False
S277,True,True,False,False,True,False
S278,True,True,False,False,False,False
S279,True,True,False,True,True,False
S280,True,True,False,False,False,False
S281,True,True,False,False,False,False
S282,True,True,False,False,False,False
S283,True,True,False,False,False,False
S284,True,True,False,True,True,False
S285,True,True,False,True,True,False
S286,True,True,False,True,True,False
S287,True,True,False,True,True,False
S288,True,True,False,True,True,False
S289,True,True,False,False,False,False
S290,True,True,False,False,True,False
S291,True,True,False,False,False,False
S293,True,True,False,False,False,False
S294,True,True,False,False,False,False
S295,True,True,False,False,False,False
S296,True,True,False,False,False,False
S297,True,True,False,True,True,False
S298,True,True,False,True,True,False
S299,True,True,False,True,True,False
S300,True,True,False,True,True,False
S301,True,True,False,False,True,False
S302,True,True,False,True,True,False
S303,True,True,False,True,True,False
S304,True,True,False,True,True,False
S305,True,True,False,False,True,False
S306,True,True,False,False,False,False
S307,True,True,False,False,False,False
S308,True,True,False,False,False,False
S309,True,True,False,False,True,False
S310,True,True,False,True,True,False
S311,True,True,False,False,False,False
S312,True,True,False,False,False,False
S313,True,True,False,True,True,False
S314,True,True,False,False,False,False
S315,True,True,False,False,False,False
S316,True,True,False,False,False,False
S317,True,True,False,False,True,False
S318,True,True,False,True,True,False
S319,True,True,False,False,False,False
S320,True,True,False,False,False,False
S321,True,True,False,False,False,False
S322,True,True,False,False,False,False
S323,True,True,False,False,True,False
S324,True,True,False,False,False,False
S325,True,True,False,False,False,False
S326,True,True,False,False,False,False
S327,True,True,False,False,False,False
S328,True,True,False,False,False,False
S329,True,True,False,False,False,False
S330,True,True,False,False,False,False
S331,True,True,False,False,False,False
S332,True,True,False,False,False,False
S333,True,True,False,False,False,False
S334,True,True,False,True,True,False
S335,True,True,False,False,False,False
S336,True,True,False,False,False,False
S337,True,True,False,False,False,False
S338,True,True,False,False,False,False
S339,True,True,False,False,False,False
S340,True,True,False,False,False,False
S341,True,True,False,False,False,False
S342,True,True,False,False,False,False
S343,True,True,False,False,False,False
S344,True,True,False,False,False,False
S345,True,True,False,False,False,False
S346,True,True,False,False,False,False
S347,True,True,False,False,True,False
S348,True,True,False,False,False,False
S349,True,True,False,False,True,False
S350,True,True,False,False,False,False
S351,True,True,False,False,False,False
S352,True,True,False,False,False,False
S354,True,True,False,True,True,False
S355,True,True,False,True,True,False
S356,True,True,False,False,True,False
S357,True,True,False,False,True,False
S358,True,True,False,False,False,False
S359,True,True,False,True,True,False
S360,True,True,False,False,False,False
S362,True,True,False,False,True,False
S363,True,True,False,False,False,False
S364,True,True,False,False,False,False
S365,True,True,False,False,False,False
S366,True,True,False,False,False,False
S367,True,True,False,False,False,False
S368,True,True,False,True,True,False
S369,True,True,False,False,False,False
S370,True,True,False,False,False,False
S371,True,True,False,True,True,False
S372,True,True,False,True,True,False
S373,True,True,False,False,False,False
S374,True,True,False,False,False,False
S375,True,True,False,False,False,False
S376,True,True,False,False,True,False
S377,True,True,False,False,False,False
S378,True,True,False,True,True,False
S379,True,True,False,True,True,False
S380,True,True,False,False,False,False
S381,True,True,False,False,False,False
S382,True,True,False,False,False,False
S383,True,True,False,False,False,False
S384,True,True,False,False,False,False
S385,True,True,False,False,False,False
S386,True,True,False,False,False,False
S387,True,True,False,False,False,False
S388,True,True,False,False,False,False
S389,True,True,False,True,True,False
S390,True,True,False,True,True,False
S391,True,True,False,True,True,False
S392,True,True,False,True,True,False
S393,True,True,False,True,True,False
S394,True,True,False,True,True,False
S395,True,True,False,True,True,False
S396,True,True,False,True,True,False
S397,True,True,False,True,True,False
S398,True,True,False,True,True,False
S399,True,True,False,True,True,False
S400,True,True,False,True,True,False
S401,True,True,False,True,True,False
S402,True,True,False,True,True,False
S403,True,True,False,True,True,False
S404,True,True,False,False,False,False
S406,True,True,False,True,True,False
S407,True,True,False,True,True,False
S408,True,True,False,True,True,False
S410,True,True,False,True,True,False
S411,True,True,False,False,False,False
S412,True,True,False,True,True,False
S413,True,True,False,False,False,False
S414,True,True,False,False,False,False
S415,True,True,False,False,False,False
S416,True,True,False,False,False,False
S417,True,True,False,False,False,False
S418,True,True,False,False,False,False
S419,True,True,False,False,False,False
S420,True,True,False,False,False,False
S421,True,True,False,False,False,False
S422,True,True,False,False,False,False
S423,True,True,False,False,False,False
S424,True,True,False,False,False,False
S425,True,True,False,False,False,False
S426,True,True,False,False,False,False
S427,True,True,False,False,False,False
S428,True,True,False,False,False,False
S429,True,True,False,False,False,False
S430,True,True,False,False,False,False
S431,True,True,False,False,False,False
S432,True,True,False,False,False,False
S433,True,True,False,True,True,False
S435,True,True,False,False,False,False
S438,True,True,False,False,False,False
S439,True,True,False,False,False,False
S441,True,True,False,False,False,False
S442,True,True,False,True,True,False
S443,True,True,False,True,True,False
S444,True,True,False,False,False,False
S445,True,True,False,False,False,False
S446,True,True,False,True,True,False
S447,True,True,False,True,True,False
S448,True,True,False,True,True,False
S449,True,True,False,False,False,False
S450,True,False,True,False,False,False
S451,True,True,False,True,True,False
S452,True,True,False,True,True,False
S453,True,True,False,True,True,False
S454,True,True,False,True,True,False
S455,True,True,False,True,True,False
S456,True,True,False,False,False,False
S457,True,True,False,True,True,False
S458,True,True,False,True,True,False
S459,True,True,False,False,False,False
S460,True,True,False,False,True,False
S461,True,True,False,True,True,False
S462,True,True,False,True,True,False
S463,True,True,False,True,True,False
S464,True,True,False,False,True,False
S465,True,True,False,False,False,False
S466,True,True,False,False,False,False
S467,True,True,False,True,True,False
S468,True,True,False,True,True,False
S469,True,True,False,True,True,False
S470,True,True,False,True,True,False
S471,True,True,False,True,True,False
S472,True,True,False,True,True,False
S473,True,True,False,True,True,False
S474,True,True,False,True,True,False
S475,True,True,False,True,True,False
S476,True,True,False,True,True,False
S477,True,True,False,True,True,False
S478,True,True,False,True,True,False
S479,True,True,False,True,True,False
S480,True,True,False,True,True,False
S481,True,True,False,True,True,False
S482,True,True,False,True,True,False
S483,True,True,False,True,True,False
S484,True,True,False,True,True,False
S486,True,True,False,True,True,False
S487,True,True,False,True,True,False
S488,True,True,False,True,True,False
S489,True,True,False,False,False,False
S490,True,True,False,False,False,False
S491,True,True,False,False,False,False
S492,True,True,False,True,True,False
S493,True,True,False,True,True,False
S494,True,True,False,True,True,False
S495,True,True,False,True,True,False
S497,True,True,False,True,True,False
S499,True,True,False,True,True,False
S500,True,True,False,True,True,False
S501,True,True,False,True,True,False
S502,True,True,False,True,True,False
S503,True,True,False,True,True,False
S504,True,True,False,True,True,False
S505,True,True,False,True,True,False
S506,True,True,False,True,True,False
S507,True,True,False,True,True,False
S508,True,True,False,True,True,False
S509,True,True,False,True,True,False
S510,True,True,False,True,True,False
S511,True,True,False,True,True,False
S512,True,True,False,True,True,False
S513,True,True,False,True,True,False
S514,True,True,False,True,True,False
S515,True,True,False,True,True,False
S516,True,True,False,True,True,False
S517,True,True,False,True,True,False
S518,True,True,False,True,True,False
S519,True,True,False,True,True,False
S520,True,True,False,True,True,False
S521,True,True,False,True,True,False
S522,True,True,False,True,True,False
S523,True,True,False,True,True,False
S524,True,True,False,True,True,False
S525,True,True,False,True,True,False
S526,True,True,False,True,True,False
S527,True,True,False,True,True,False
S528,True,True,False,True,True,False
S529,True,True,False,True,True,False
S530,True,True,False,True,True,False
S531,True,True,False,True,True,False
S532,True,True,False,True,True,False
S533,True,True,False,True,True,False
S534,True,True,False,True,True,False
S535,True,True,False,True,True,False
S536,True,True,False,True,True,False
S537,True,False,True,True,False,True
S538,True,True,False,False,False,False
S539,True,True,False,True,True,False
S540,True,True,False,True,True,False
S541,True,True,False,True,True,False
S543,True,True,False,True,True,False
S544,True,True,False,True,True,False
S545,True,True,False,True,True,False
S547,True,True,False,True,True,False
S548,True,True,False,True,True,False
S549,True,True,False,True,True,False
S550,True,True,False,True,True,False
S551,True,True,False,True,True,False
S552,True,True,False,False,False,False
S553,True,True,False,True,True,False
S554,True,True,False,True,True,False
S555,True,True,False,True,True,False
S556,True,True,False,True,True,False
S557,True,True,False,True,True,False
S558,True,False,True,True,False,True
S559,True,False,True,True,False,True
S560,True,False,True,True,False,True
S561,True,False,True,True,False,True
S562,True,True,False,True,True,False
S563,True,True,False,True,True,False
S564,True,True,False,True,True,False
S565,True,True,False,True,True,False
S567,True,True,False,True,True,False
S568,True,True,False,True,True,False
S569,True,True,False,True,True,False
S570,True,True,False,True,True,False
S571,True,True,False,True,True,False
S572,True,True,False,True,True,False
S573,True,True,False,True,True,False
S574,True,True,False,True,True,False
S575,True,True,False,False,False,False
S576,True,True,False,True,True,False
S578,True,True,False,True,True,False
S579,True,True,False,True,True,False
S580,True,True,False,True,True,False
S581,True,True,False,True,True,False
S582,True,True,False,True,True,False
S583,True,True,False,True,True,False
S584,True,True,False,True,True,False
S585,True,True,False,True,True,False
S586,True,True,False,True,True,False
S587,True,True,False,True,True,False
S588,True,True,False,True,True,False
S589,True,True,False,True,True,False
S591,True,True,False,True,True,False
S592,True,True,False,True,True,False
S593,True,True,False,True,True,False
S594,True,True,False,True,True,False
S595,True,True,False,True,True,False
S596,True,True,False,True,True,False
S597,True,True,False,True,True,False
S598,True,True,False,True,True,False
S599,True,True,False,True,True,False
S600,True,True,False,True,True,False
S601,True,True,False,False,False,False
S602,True,True,False,True,True,False
S603,True,True,False,True,True,False
S604,True,True,False,True,True,False
S605,True,True,False,True,True,False
S606,True,True,False,True,True,False
S607,True,True,False,True,True,False
S608,True,True,False,False,False,False
S609,True,True,False,True,True,False
S610,True,True,False,True,True,False
S611,True,True,False,True,True,False
S612,True,True,False,True,True,False
S613,True,True,False,True,True,False
S614,True,True,False,True,True,False
S615,True,True,False,True,True,False
S616,True,True,False,False,False,False
S617,True,True,False,True,True,False
S618,True,True,False,True,True,False
S619,True,True,False,True,True,False
S620,True,True,False,True,True,False
S621,True,True,False,True,True,False
S622,True,True,False,True,True,False
S623,True,True,False,True,True,False
S625,True,True,False,True,True,False
S626,True,True,False,True,True,False
S627,True,True,False,False,True,False
S629,True,True,False,False,False,False
S630,True,True,False,False,False,False
S631,True,True,False,False,False,False
S632,True,True,False,False,False,False
S633,True,True,False,False,False,False
S634,True,True,False,False,False,False
S635,True,True,False,False,False,False
S636,True,True,False,False,False,False
S638,True,True,False,False,False,False
S639,True,True,False,False,False,False
S640,True,True,False,False,False,False
S641,True,True,False,True,True,False
S642,True,True,False,True,True,False
S643,True,True,False,True,True,False
S644,True,True,False,True,True,False
S646,True,True,False,True,True,False
S647,True,True,False,True,True,False
S648,True,True,False,True,True,False
S649,True,True,False,True,True,False
S650,True,True,False,True,True,False
S651,True,True,False,True,True,False
S652,True,True,False,True,True,False
S653,True,True,False,True,True,False
S654,True,True,False,True,True,False
S655,True,True,False,True,True,False
S656,True,True,False,True,True,False
S657,True,True,False,True,True,False
S659,True,True,False,False,False,False
S660,True,True,False,False,True,False
S661,True,True,False,False,False,False
S662,True,True,False,True,True,False
S663,True,True,False,True,True,False
S664,True,True,False,False,False,False
S665,True,True,False,False,False,False
S666,True,True,False,False,False,False
S667,True,True,False,False,False,False
S668,True,True,False,False,False,False
S669,True,True,False,False,False,False
S670,True,True,False,False,False,False
S671,True,True,False,False,False,False
S672,True,True,False,False,False,False
S674,True,True,False,True,True,False
S675,True,True,False,True,True,False
S676,True,True,False,True,True,False
S677,True,True,False,True,True,False
S678,True,True,False,True,True,False
S679,True,True,False,True,True,False
S680,True,True,False,True,True,False
S681,True,True,False,True,True,False
S682,True,True,False,True,True,False
S683,True,True,False,True,True,False
S684,True,True,False,True,True,False
S685,True,True,False,True,True,False
S686,True,True,False,True,True,False
S687,True,True,False,True,True,False
S688,True,True,False,True,True,False
S689,True,True,False,True,True,False
S690,True,True,False,True,True,False
S691,True,True,False,False,False,False
S692,True,True,False,True,True,False
S693,True,True,False,True,True,False
S694,True,True,False,True,True,False
S696,True,True,False,False,False,False
S697,True,True,False,True,True,False
S698,True,True,False,True,True,False
S699,True,True,False,True,True,False
S700,True,True,False,True,True,False
S701,True,True,False,True,True,False
S702,True,True,False,True,True,False
S703,True,True,False,False,False,False
S704,True,True,False,True,True,False
S705,True,False,True,False,False,False
S706,True,True,False,True,True,False
S707,True,True,False,True,True,False
S708,True,False,True,False,False,False
S709,True,False,True,False,False,False
S710,True,False,True,True,False,True
S711,True,False,True,True,False,True
S712,True,False,True,True,False,True
S713,True,True,False,False,False,False
S714,True,True,False,False,False,False
S715,True,True,False,True,True,False
S716,True,True,False,True,True,False
S718,True,True,False,False,False,False
S719,True,True,False,False,False,False
S721,True,True,False,True,True,False
S722,True,True,False,True,True,False
S723,True,True,False,False,False,False
S724,True,False,True,True,False,True
S725,True,False,True,True,False,True
S726,True,True,False,False,False,False
S727,True,True,False,True,True,False
S728,True,True,False,False,True,False
S729,True,True,False,True,True,False
S730,True,True,False,False,False,False
S731,True,True,False,False,False,False
S732,True,True,False,True,True,False
S734,True,False,True,False,False,False
S735,True,False,True,False,False,False
S736,True,False,True,False,False,False
S737,True,True,False,False,False,False
S738,True,True,False,False,False,False
S739,True,True,False,False,False,False
S740,True,True,False,False,False,False
S741,True,True,False,False,False,False
S742,True,False,True,True,False,True
S743,True,False,True,True,False,True
S744,True,True,False,False,False,False
S745,True,True,False,False,False,False
S746,True,True,False,False,False,False
S747,True,True,False,False,False,False
S748,True,True,False,True,True,False
S749,True,True,False,True,True,False
S750,True,True,False,True,True,False
S752,True,True,False,True,True,False
S753,True,True,False,True,True,False
S754,True,True,False,False,False,False
S755,True,False,True,True,False,True
S756,True,True,False,True,True,False
S757,True,True,False,True,True,False
S760,True,True,False,True,True,False
S765,True,True,False,True,True,False
S766,True,True,False,True,True,False
S767,True,True,False,False,False,False
S768,True,True,False,True,True,False
S769,True,True,False,True,True,False
S772,True,True,False,True,True,False
S773,True,True,False,False,False,False
S774,True,True,False,True,True,False
S776,True,False,True,True,False,True
S777,True,True,False,False,True,False
S778,True,True,False,True,True,False
S779,True,True,False,True,True,False
S780,True,True,False,True,True,False
S781,True,True,False,True,True,False
S784,True,True,False,True,True,False
S785,True,True,False,True,True,False
S786,True,True,False,True,True,False
S787,True,True,False,False,False,False
S788,True,True,False,False,False,False
S789,True,True,False,True,True,False
S790,True,True,False,False,True,False
S791,True,True,False,True,True,False
S792,True,True,False,True,True,False
S794,True,True,False,True,True,False
S795,True,True,False,False,False,False
S796,True,True,False,False,False,False
S798,True,True,False,False,False,False
S799,True,True,False,False,False,False
S800,True,True,False,False,False,False
S801,True,True,False,False,False,False
S802,True,True,False,True,True,False
S803,True,True,False,False,False,False
S804,True,True,False,False,True,False
