budget,replication,selected_site_count,selected_sites,training_signature,in_sample_expected_unmet,in_sample_expected_served_fraction,objective,unmet_component,travel_component,staffing_component
0,1,0,,15:1.09537119;10:1.26159636;6:1.35902703;7:0.91210493;19:1.05765464;18:1.05678812;3:1.37066134;20:0.74703346;2:1.18005161;10:1.04266171,71800.4072,0.3795264776215512,425801557.45732325,425049915.1404205,322821.9017279314,428820.4151744004
0,2,0,,11:1.00955798;6:0.99113128;2:0.69919063;12:0.95857163;5:1.00832043;10:0.86942446;15:0.74263488;12:1.22395273;12:0.66498335;5:0.97331417,55596.01280000001,0.4552456871940635,329897576.0860346,329121817.6097716,330049.9700224909,445708.5062400002
0,3,0,,20:1.43186843;15:1.13306471;3:1.42972067;19:0.92531405;19:0.81480241;15:0.75747560;2:0.85462336;7:1.21892772;16:1.05645908;6:0.94900735,78479.39989999999,0.3684754784455478,465355513.0772011,464588761.6604788,324214.94400449895,442536.4727192001
10,1,10,S212;S378;S392;S394;S475;S488;S576;S625;S671;S788,15:1.09537119;10:1.26159636;6:1.35902703;7:0.91210493;19:1.05765464;18:1.05678812;3:1.37066134;20:0.74703346;2:1.18005161;10:1.04266171,32303.136898906738,0.7313973820239632,203809480.6233388,191230748.30764595,2013586.5434253064,10565145.77226783
10,2,9,S195;S208;S378;S394;S475;S488;S557;S576;S662,11:1.00955798;6:0.99113128;2:0.69919063;12:0.95857163;5:1.00832043;10:0.86942446;15:0.74263488;12:1.22395273;12:0.66498335;5:0.97331417,23359.6880461299,0.7869887842671579,149414098.9929728,138286589.2954742,1906340.7087660555,9221168.988732286
10,3,6,S168;S208;S297;S475;S488;S576,20:1.43186843;15:1.13306471;3:1.42972067;19:0.92531405;19:0.81480241;15:0.75747560;2:0.85462336;7:1.21892772;16:1.05645908;6:0.94900735,42166.201804885175,0.6735651620602938,260934983.8527099,249618925.54503912,2194347.7919709925,9121710.5156986
25,1,24,S057;S113;S212;S356;S362;S378;S392;S394;S468;S470;S475;S488;S500;S527;S576;S600;S610;S625;S652;S664;S667;S671;S788;S794,15:1.09537119;10:1.26159636;6:1.35902703;7:0.91210493;19:1.05765464;18:1.05678812;3:1.37066134;20:0.74703346;2:1.18005161;10:1.04266171,24152.07530698474,0.7998462869326854,158446238.27757156,142977428.1238186,2547521.0845237453,12921289.069229038
25,2,18,S001;S016;S161;S195;S296;S378;S394;S474;S475;S488;S552;S557;S576;S579;S583;S587;S662;S664,11:1.00955798;6:0.99113128;2:0.69919063;12:0.95857163;5:1.00832043;10:0.86942446;15:0.74263488;12:1.22395273;12:0.66498335;5:0.97331417,21239.693720732863,0.8067817962744424,137500326.94029462,125736473.72860618,1922492.191486045,9841361.020202452
25,3,17,S147;S168;S193;S228;S297;S356;S384;S470;S473;S475;S477;S488;S576;S585;S652;S653;S668,20:1.43186843;15:1.13306471;3:1.42972067;19:0.92531405;19:0.81480241;15:0.75747560;2:0.85462336;7:1.21892772;16:1.05645908;6:0.94900735,36130.43919962937,0.7219317454714582,226846075.8756469,213887925.07834947,2071754.4011497216,10886396.396146128
50,1,42,S051;S057;S113;S208;S212;S297;S356;S362;S378;S392;S394;S407;S468;S470;S473;S475;S476;S477;S487;S488;S492;S500;S516;S527;S534;S555;S574;S576;S585;S586;S600;S610;S615;S625;S652;S653;S662;S664;S667;S671;S788;S794,15:1.09537119;10:1.26159636;6:1.35902703;7:0.91210493;19:1.05765464;18:1.05678812;3:1.37066134;20:0.74703346;2:1.18005161;10:1.04266171,16931.556311998767,0.8594984569499684,117666491.73355348,100232810.01128256,2132780.377985054,15300901.344284926
50,2,45,S001;S016;S051;S161;S186;S195;S296;S308;S378;S392;S394;S402;S407;S467;S468;S473;S474;S475;S476;S477;S487;S488;S492;S500;S516;S519;S527;S534;S552;S555;S557;S574;S576;S579;S583;S585;S586;S587;S600;S615;S625;S653;S662;S664;S666,11:1.00955798;6:0.99113128;2:0.69919063;12:0.95857163;5:1.00832043;10:0.86942446;15:0.74263488;12:1.22395273;12:0.66498335;5:0.97331417,13492.040004493938,0.8760855567896684,93714971.7774954,79871280.43726897,1542026.3387011108,12301665.001525927
50,3,44,S051;S147;S168;S193;S208;S228;S297;S356;S384;S387;S392;S394;S407;S468;S470;S473;S475;S476;S477;S481;S487;S488;S489;S490;S492;S500;S515;S516;S527;S534;S555;S574;S575;S576;S585;S586;S599;S600;S615;S625;S652;S653;S662;S668,20:1.43186843;15:1.13306471;3:1.42972067;19:0.92531405;19:0.81480241;15:0.75747560;2:0.85462336;7:1.21892772;16:1.05645908;6:0.94900735,20005.219081907904,0.846021773357461,136305580.05912215,118428529.93082294,2132357.628851618,15744692.4994478
100,1,73,S001;S051;S052;S057;S113;S143;S167;S168;S169;S212;S297;S301;S356;S362;S378;S384;S392;S394;S396;S397;S400;S401;S402;S407;S429;S445;S467;S468;S470;S473;S474;S475;S476;S477;S481;S487;S488;S492;S500;S515;S516;S519;S527;S534;S555;S557;S574;S576;S579;S583;S585;S586;S587;S596;S599;S600;S609;S610;S611;S614;S615;S625;S626;S646;S652;S653;S662;S664;S667;S671;S768;S788;S794,15:1.09537119;10:1.26159636;6:1.35902703;7:0.91210493;19:1.05765464;18:1.05678812;3:1.37066134;20:0.74703346;2:1.18005161;10:1.04266171,14951.335728514943,0.8749065600225137,106645866.7107974,88510138.458396,2121062.134765116,16014666.117635489
100,2,67,S001;S016;S051;S143;S161;S169;S186;S195;S296;S297;S301;S308;S378;S392;S394;S396;S397;S400;S402;S407;S429;S467;S468;S470;S473;S474;S475;S476;S477;S481;S487;S488;S492;S500;S515;S516;S519;S527;S534;S552;S555;S557;S574;S576;S579;S583;S585;S586;S587;S596;S599;S600;S609;S610;S611;S614;S615;S625;S626;S646;S652;S653;S662;S664;S666;S768;S794,11:1.00955798;6:0.99113128;2:0.69919063;12:0.95857163;5:1.00832043;10:0.86942446;15:0.74263488;12:1.22395273;12:0.66498335;5:0.97331417,11962.926991858863,0.8879293417111437,85252460.72165339,70819112.32838601,1583416.5016586129,12849931.891609203
100,3,77,S001;S051;S052;S113;S143;S147;S167;S168;S169;S193;S228;S241;S297;S301;S356;S358;S359;S378;S384;S387;S392;S394;S396;S397;S400;S401;S402;S407;S429;S445;S467;S468;S470;S473;S474;S475;S476;S477;S481;S487;S488;S489;S490;S492;S500;S515;S516;S519;S527;S534;S555;S557;S574;S575;S576;S579;S583;S585;S586;S587;S596;S599;S600;S609;S610;S611;S614;S615;S625;S626;S646;S652;S653;S662;S668;S768;S794,20:1.43186843;15:1.13306471;3:1.42972067;19:0.92531405;19:0.81480241;15:0.75747560;2:0.85462336;7:1.21892772;16:1.05645908;6:0.94900735,17139.269163428333,0.8664575164005726,120416022.1896871,101462445.51498918,2200211.1191960545,16753365.555502037
120,1,120,S001;S016;S019;S051;S052;S056;S057;S062;S075;S113;S143;S147;S160;S161;S167;S168;S169;S186;S189;S193;S194;S195;S198;S200;S208;S209;S210;S212;S213;S214;S215;S227;S228;S241;S246;S249;S267;S281;S296;S297;S301;S308;S356;S358;S359;S362;S364;S378;S384;S386;S387;S392;S394;S396;S397;S400;S401;S402;S407;S429;S445;S465;S466;S467;S468;S470;S473;S474;S475;S476;S477;S481;S487;S488;S489;S490;S492;S500;S515;S516;S519;S527;S534;S552;S555;S557;S574;S575;S576;S579;S583;S585;S586;S587;S596;S599;S600;S609;S610;S611;S614;S615;S625;S626;S646;S652;S653;S662;S664;S665;S666;S667;S668;S669;S671;S672;S768;S787;S788;S794,15:1.09537119;10:1.26159636;6:1.35902703;7:0.91210493;19:1.05765464;18:1.05678812;3:1.37066134;20:0.74703346;2:1.18005161;10:1.04266171,13461.203423397445,0.8843785880139933,98591297.91497,79688731.52578749,2329100.657127128,16573465.732054552
120,2,120,S001;S016;S019;S051;S052;S056;S057;S062;S075;S113;S143;S147;S160;S161;S167;S168;S169;S186;S189;S193;S194;S195;S198;S200;S208;S209;S210;S212;S213;S214;S215;S227;S228;S241;S246;S249;S267;S281;S296;S297;S301;S308;S356;S358;S359;S362;S364;S378;S384;S386;S387;S392;S394;S396;S397;S400;S401;S402;S407;S429;S445;S465;S466;S467;S468;S470;S473;S474;S475;S476;S477;S481;S487;S488;S489;S490;S492;S500;S515;S516;S519;S527;S534;S552;S555;S557;S574;S575;S576;S579;S583;S585;S586;S587;S596;S599;S600;S609;S610;S611;S614;S615;S625;S626;S646;S652;S653;S662;S664;S665;S666;S667;S668;S669;S671;S672;S768;S787;S788;S794,11:1.00955798;6:0.99113128;2:0.69919063;12:0.95857163;5:1.00832043;10:0.86942446;15:0.74263488;12:1.22395273;12:0.66498335;5:0.97331417,10274.050647413556,0.8993549314264344,76145076.40049227,60821164.19851604,1840379.0003872907,13483533.20158915
120,3,120,S001;S016;S019;S051;S052;S056;S057;S062;S075;S113;S143;S147;S160;S161;S167;S168;S169;S186;S189;S193;S194;S195;S198;S200;S208;S209;S210;S212;S213;S214;S215;S227;S228;S241;S246;S249;S267;S281;S296;S297;S301;S308;S356;S358;S359;S362;S364;S378;S384;S386;S387;S392;S394;S396;S397;S400;S401;S402;S407;S429;S445;S465;S466;S467;S468;S470;S473;S474;S475;S476;S477;S481;S487;S488;S489;S490;S492;S500;S515;S516;S519;S527;S534;S552;S555;S557;S574;S575;S576;S579;S583;S585;S586;S587;S596;S599;S600;S609;S610;S611;S614;S615;S625;S626;S646;S652;S653;S662;S664;S665;S666;S667;S668;S669;S671;S672;S768;S787;S788;S794,20:1.43186843;15:1.13306471;3:1.42972067;19:0.92531405;19:0.81480241;15:0.75747560;2:0.85462336;7:1.21892772;16:1.05645908;6:0.94900735,14721.176918356545,0.8823736922821367,107401909.88109298,87147625.53483911,2594134.1988501875,17660150.147403974
0,4,0,,15:0.75840891;8:0.93522538;6:1.15809223;16:0.95325311;7:0.94752826;11:1.11384725;20:1.11946961;16:1.08383070;11:1.34025008;18:1.16592717,69902.25064771801,0.38951784863455,414591618.71321553,413813052.9423648,339138.3904532349,439427.38039786206
0,5,0,,11:0.97809309;11:0.90539707;19:1.39800816;8:1.25724352;16:1.04790587;18:0.85275410;3:0.98514893;3:0.83113590;15:0.94050150;18:0.94204216,77985.09745343063,0.3625282291849266,462404463.31609166,461662549.6630626,320618.83964322635,421294.8133866446
0,6,0,,9:0.95803538;1:0.95875647;1:1.24246481;14:1.03617917;11:1.06355820;19:0.84831976;14:0.92711315;12:1.04934140;3:0.90453380;1:0.89554913,89607.47407551006,0.3122879794044614,531211087.9226896,530465644.0965558,325028.3391446376,420415.486989884
0,7,0,,19:1.01800922;18:0.78823092;16:0.67838796;10:1.44534954;15:0.72757081;17:0.85491671;13:0.96443535;17:1.02353571;2:1.33881202;7:1.12811897,64694.96614354549,0.39798493607127,383722481.8935525,382986544.8078738,320407.03484564106,415530.0508338599
0,8,0,,9:1.07556558;13:1.16849336;18:1.21090362;20:0.98314468;10:0.90928445;19:1.09816681;6:0.68224634;7:1.02379756;10:1.03455254;18:1.00933842,61748.78413477234,0.4129948278192028,366287153.5877131,365545495.9106294,329758.7090219032,411898.9680650473
0,9,0,,16:1.40544427;9:1.39043882;6:1.28154403;4:1.02024149;12:1.04301008;12:0.98182387;6:1.11300733;15:1.05067707;5:1.06077969;8:1.12607898,76701.92856732263,0.3614015145205759,454817042.7144714,454066341.6829071,317933.8879024825,432767.14366246376
0,10,0,,12:0.84110747;20:1.05150644;5:1.12419061;9:1.07110241;12:1.16247984;16:0.92637039;9:0.86378668;3:1.09594299;4:1.13436899;11:0.97599120,78257.2559432981,0.3602360842554665,464020029.32440734,463273695.7210602,310405.484653956,435928.1186946689
10,4,7,S195;S208;S378;S394;S488;S492;S576,15:0.75840891;8:0.93522538;6:1.15809223;16:0.95325311;7:0.94752826;11:1.11384725;20:1.11946961;16:1.08383070;11:1.34025008;18:1.16592717,33661.84184435228,0.7172651083806291,211263379.00055543,199274120.8215904,2221456.4899753868,9767801.688989662
10,5,9,S195;S200;S208;S392;S475;S488;S555;S576;S667,11:0.97809309;11:0.90539707;19:1.39800816;8:1.25724352;16:1.04790587;18:0.85275410;3:0.98514893;3:0.83113590;15:0.94050150;18:0.94204216,36004.65022901496,0.716892046281005,226334221.66334587,213143269.2557673,2437953.8620822085,10752998.545496425
10,6,6,S195;S208;S392;S401;S488;S555,9:0.95803538;1:0.95875647;1:1.24246481;14:1.03617917;11:1.06355820;19:0.84831976;14:0.92711315;12:1.04934140;3:0.90453380;1:0.89554913,50307.41608035929,0.6167416739759959,309200005.4037706,297813950.7806375,2284535.5565327387,9101519.066600868
10,7,10,S212;S378;S392;S468;S475;S488;S500;S664;S671;S788,19:1.01800922;18:0.78823092;16:0.67838796;10:1.44534954;15:0.72757081;17:0.85491671;13:0.96443535;17:1.02353571;2:1.33881202;7:1.12811897,29927.81578012144,0.7289835291273329,188652305.7852336,177169128.33439687,2133716.794264337,9349460.656572407
10,8,8,S169;S200;S208;S487;S488;S574;S625;S788,9:1.07556558;13:1.16849336;18:1.21090362;20:0.98314468;10:0.90928445;19:1.09816681;6:0.68224634;7:1.02379756;10:1.03455254;18:1.00933842,30626.220077274145,0.7177569710767783,191879422.28516084,181303599.13776672,2092041.608962966,8483781.538432593
10,9,10,S168;S208;S213;S359;S468;S488;S615;S625;S662;S667,16:1.40544427;9:1.39043882;6:1.28154403;4:1.02024149;12:1.04301008;12:0.98182387;6:1.11300733;15:1.05067707;5:1.06077969;8:1.12607898,34264.89727298621,0.7215963187573594,216471855.7357264,202844137.60508603,2650322.7164976182,10977395.414142491
10,10,10,S208;S392;S401;S468;S475;S487;S488;S574;S576;S667,12:0.84110747;20:1.05150644;5:1.12419061;9:1.07110241;12:1.16247984;16:0.92637039;9:0.86378668;3:1.09594299;4:1.13436899;11:0.97599120,35621.14659066983,0.717771664496179,223828989.95224485,210872973.09323183,1996540.2116950613,10959476.647317512
25,4,25,S051;S169;S189;S194;S195;S198;S208;S281;S297;S378;S384;S468;S476;S488;S492;S516;S555;S557;S574;S576;S586;S646;S662;S668;S671,15:0.75840891;8:0.93522538;6:1.15809223;16:0.95325311;7:0.94752826;11:1.11384725;20:1.11946961;16:1.08383070;11:1.34025008;18:1.16592717,19496.325454254315,0.8376246754656662,132317043.31182876,115415939.86782873,2847721.701478041,14053381.742521916
25,5,25,S075;S168;S189;S194;S195;S198;S208;S212;S213;S214;S356;S378;S392;S394;S476;S488;S516;S555;S576;S615;S653;S662;S664;S671;S794,11:0.97809309;11:0.90539707;19:1.39800816;8:1.25724352;16:1.04790587;18:0.85275410;3:0.98514893;3:0.83113590;15:0.94050150;18:0.94204216,22177.328539674883,0.8259550141079008,149531487.34880957,131287160.91501544,3408847.8182649543,14835478.615530118
25,6,25,S051;S189;S194;S195;S208;S212;S213;S249;S267;S359;S378;S394;S407;S468;S470;S476;S487;S488;S492;S574;S576;S615;S652;S662;S671,9:0.95803538;1:0.95875647;1:1.24246481;14:1.03617917;11:1.06355820;19:0.84831976;14:0.92711315;12:1.04934140;3:0.90453380;1:0.89554913,25654.89633794387,0.8055266092012641,171757168.5067649,151873950.81206903,3470599.3096015067,16412618.385094265
25,7,25,S051;S169;S189;S194;S195;S198;S208;S213;S281;S297;S394;S468;S473;S476;S488;S516;S527;S555;S574;S625;S662;S664;S667;S671;S672,19:1.01800922;18:0.78823092;16:0.67838796;10:1.44534954;15:0.72757081;17:0.85491671;13:0.96443535;17:1.02353571;2:1.33881202;7:1.12811897,17097.45007615914,0.8453536952619711,117373934.6337089,101214881.46642455,2889911.058574364,13269142.108709712
25,8,25,S051;S168;S169;S189;S194;S208;S213;S297;S301;S362;S392;S394;S407;S468;S476;S487;S488;S492;S500;S516;S574;S576;S653;S662;S671,9:1.07556558;13:1.16849336;18:1.21090362;20:0.98314468;10:0.90928445;19:1.09816681;6:0.68224634;7:1.02379756;10:1.03455254;18:1.00933842,15880.222972186222,0.85382987458211,109331789.56950104,94009041.03422286,2288560.885201707,13034187.65007572
25,9,25,S169;S189;S194;S195;S198;S213;S214;S392;S394;S397;S401;S468;S473;S476;S487;S488;S492;S516;S534;S576;S585;S615;S662;S671;S788,16:1.40544427;9:1.39043882;6:1.28154403;4:1.02024149;12:1.04301008;12:0.98182387;6:1.11300733;15:1.05067707;5:1.06077969;8:1.12607898,22197.112258725,0.8198251037124006,148675526.9461557,131404278.1909661,2745173.5053734067,14526075.249816956
25,10,25,S051;S167;S168;S189;S194;S195;S198;S208;S213;S214;S392;S468;S475;S476;S481;S488;S516;S557;S574;S576;S586;S652;S662;S671;S788,12:0.84110747;20:1.05150644;5:1.12419061;9:1.07110241;12:1.16247984;16:0.92637039;9:0.86378668;3:1.09594299;4:1.13436899;11:0.97599120,21997.61733613241,0.8258668089973231,148149602.73511574,130223291.8536223,2913654.0257612355,15012656.855731796
50,4,46,S001;S051;S052;S147;S169;S200;S208;S214;S215;S241;S267;S296;S297;S356;S392;S394;S407;S429;S468;S473;S475;S476;S477;S487;S488;S492;S500;S516;S527;S534;S555;S574;S576;S579;S585;S586;S596;S600;S615;S625;S653;S662;S665;S666;S788;S794,15:0.75840891;8:0.93522538;6:1.15809223;16:0.95325311;7:0.94752826;11:1.11384725;20:1.11946961;16:1.08383070;11:1.34025008;18:1.16592717,16722.397173453726,0.8605030547126797,116121339.15713648,98994612.65897822,2161487.194092328,14965239.304065747
50,5,44,S051;S075;S198;S200;S209;S215;S296;S297;S362;S384;S392;S394;S397;S400;S407;S429;S468;S473;S474;S475;S476;S477;S481;S487;S488;S489;S492;S500;S516;S519;S527;S534;S555;S574;S576;S586;S600;S615;S625;S652;S653;S662;S664;S787,11:0.97809309;11:0.90539707;19:1.39800816;8:1.25724352;16:1.04790587;18:0.85275410;3:0.98514893;3:0.83113590;15:0.94050150;18:0.94204216,19926.12931706904,0.84359070144006,135728709.37734115,117960327.88094322,2123019.554663823,15645361.941734128
50,6,46,S051;S052;S056;S075;S113;S161;S186;S195;S208;S296;S356;S384;S386;S392;S394;S401;S407;S468;S473;S474;S475;S476;S477;S481;S487;S488;S492;S500;S516;S527;S534;S555;S574;S575;S576;S585;S586;S587;S596;S600;S614;S615;S625;S652;S653;S662,9:0.95803538;1:0.95875647;1:1.24246481;14:1.03617917;11:1.06355820;19:0.84831976;14:0.92711315;12:1.04934140;3:0.90453380;1:0.89554913,22122.473931298668,0.832127850211027,151077829.78382063,130962428.1238709,2498582.2912671007,17616819.368682224
50,7,47,S051;S113;S212;S297;S356;S362;S378;S392;S394;S407;S468;S470;S473;S475;S476;S477;S481;S487;S488;S492;S500;S516;S527;S534;S555;S574;S576;S579;S583;S585;S586;S587;S596;S600;S610;S615;S625;S626;S646;S652;S653;S662;S664;S667;S671;S788;S794,19:1.01800922;18:0.78823092;16:0.67838796;10:1.44534954;15:0.72757081;17:0.85491671;13:0.96443535;17:1.02353571;2:1.33881202;7:1.12811897,14383.23127418407,0.868585979086553,101230033.79675914,85147027.30734627,1817001.053534533,14266005.435878048
50,8,50,S051;S168;S169;S189;S194;S195;S198;S208;S209;S213;S241;S267;S281;S362;S378;S384;S392;S394;S397;S401;S407;S468;S470;S473;S475;S476;S477;S481;S488;S492;S500;S534;S557;S576;S585;S586;S587;S596;S600;S625;S652;S653;S662;S664;S667;S671;S672;S768;S788;S794,9:1.07556558;13:1.16849336;18:1.21090362;20:0.98314468;10:0.90928445;19:1.09816681;6:0.68224634;7:1.02379756;10:1.03455254;18:1.00933842,12628.947497899417,0.8822909685198785,91291481.32255176,74761874.9200488,2303826.332065523,14225780.070436755
50,9,46,S051;S147;S168;S213;S296;S297;S359;S362;S384;S386;S392;S394;S396;S402;S407;S465;S468;S473;S475;S476;S477;S481;S487;S488;S492;S500;S516;S527;S534;S555;S574;S576;S579;S585;S586;S596;S599;S600;S615;S625;S626;S646;S652;S653;S662;S667,16:1.40544427;9:1.39043882;6:1.28154403;4:1.02024149;12:1.04301008;12:0.98182387;6:1.11300733;15:1.05067707;5:1.06077969;8:1.12607898,18318.39594992384,0.8507217375490954,126355603.088967,108442736.57578573,2052406.2603208537,15860460.252860712
50,10,45,S001;S016;S051;S052;S189;S193;S195;S208;S246;S297;S359;S387;S392;S394;S397;S400;S407;S468;S473;S474;S475;S476;S477;S487;S488;S492;S500;S516;S527;S534;S555;S574;S576;S579;S585;S586;S587;S600;S609;S615;S625;S653;S662;S671;S787,12:0.84110747;20:1.05150644;5:1.12419061;9:1.07110241;12:1.16247984;16:0.92637039;9:0.86378668;3:1.09594299;4:1.13436899;11:0.97599120,18587.101424618108,0.8523437014803031,128424159.3451925,110033441.19252172,2219376.4765810235,16171341.676089069
100,4,77,S001;S051;S052;S113;S143;S147;S167;S168;S169;S200;S214;S215;S241;S267;S296;S297;S301;S356;S359;S378;S384;S392;S394;S396;S397;S400;S401;S402;S407;S429;S445;S467;S468;S470;S473;S474;S475;S476;S477;S481;S487;S488;S492;S500;S515;S516;S519;S527;S534;S555;S557;S574;S576;S579;S583;S585;S586;S587;S596;S599;S600;S609;S610;S611;S614;S615;S625;S626;S646;S652;S653;S662;S665;S666;S768;S788;S794,15:0.75840891;8:0.93522538;6:1.15809223;16:0.95325311;7:0.94752826;11:1.11384725;20:1.11946961;16:1.08383070;11:1.34025008;18:1.16592717,14577.10896235667,0.8771472579561752,104210344.13548376,86294760.28155957,2185791.0685686828,15729792.78535538
100,5,100,S001;S016;S019;S051;S052;S056;S057;S062;S075;S113;S143;S147;S160;S161;S167;S168;S169;S189;S193;S194;S195;S198;S200;S208;S209;S210;S212;S213;S214;S215;S227;S228;S241;S246;S267;S281;S297;S308;S358;S362;S378;S384;S386;S392;S394;S396;S397;S400;S401;S407;S445;S465;S466;S467;S468;S470;S473;S475;S476;S477;S481;S487;S488;S489;S490;S492;S500;S516;S527;S534;S552;S555;S557;S574;S575;S576;S579;S585;S586;S587;S596;S599;S600;S611;S615;S625;S626;S652;S653;S662;S664;S665;S666;S667;S668;S669;S671;S672;S787;S788,11:0.97809309;11:0.90539707;19:1.39800816;8:1.25724352;16:1.04790587;18:0.85275410;3:0.98514893;3:0.83113590;15:0.94050150;18:0.94204216,14795.887596526867,0.8805976069448084,107808528.90631856,87589903.90977816,2712480.076865161,17506144.919674996
100,6,99,S001;S016;S019;S051;S052;S057;S075;S113;S143;S147;S160;S161;S167;S168;S169;S186;S189;S193;S194;S195;S198;S200;S208;S209;S210;S213;S214;S227;S241;S267;S281;S297;S356;S358;S378;S384;S392;S394;S396;S397;S400;S401;S402;S407;S467;S468;S470;S473;S474;S475;S476;S477;S481;S487;S488;S489;S490;S492;S500;S515;S516;S519;S527;S534;S555;S557;S574;S575;S576;S579;S583;S585;S586;S587;S596;S599;S600;S609;S610;S611;S614;S615;S625;S626;S646;S652;S653;S662;S664;S665;S666;S667;S668;S669;S671;S672;S768;S788;S794,9:0.95803538;1:0.95875647;1:1.24246481;14:1.03617917;11:1.06355820;19:0.84831976;14:0.92711315;12:1.04934140;3:0.90453380;1:0.89554913,16635.347743670787,0.8726849527329221,121107925.54657497,98479290.33442378,2954209.5499881366,19674425.662162323
100,7,100,S001;S019;S051;S052;S062;S075;S113;S143;S147;S160;S161;S167;S168;S169;S186;S189;S193;S194;S195;S198;S200;S208;S209;S213;S214;S215;S227;S228;S241;S246;S249;S296;S297;S301;S356;S359;S362;S364;S378;S384;S386;S387;S392;S394;S396;S397;S400;S401;S402;S407;S429;S445;S467;S468;S470;S473;S474;S475;S476;S477;S481;S487;S488;S492;S500;S515;S516;S519;S527;S534;S555;S557;S574;S576;S579;S583;S585;S586;S587;S596;S599;S600;S609;S610;S611;S614;S615;S625;S626;S646;S652;S653;S662;S664;S665;S666;S667;S668;S768;S794,19:1.01800922;18:0.78823092;16:0.67838796;10:1.44534954;15:0.72757081;17:0.85491671;13:0.96443535;17:1.02353571;2:1.33881202;7:1.12811897,11832.388455564364,0.889827939079801,87432174.50333016,70046339.63895017,2163632.6532837213,15222202.211096125
100,8,100,S001;S016;S019;S051;S052;S057;S062;S075;S113;S143;S147;S160;S161;S167;S168;S189;S193;S194;S195;S198;S200;S208;S209;S210;S212;S213;S214;S215;S227;S241;S246;S249;S267;S297;S356;S358;S359;S362;S364;S378;S384;S392;S394;S396;S400;S401;S402;S407;S467;S468;S470;S473;S474;S475;S476;S477;S481;S487;S488;S492;S500;S515;S516;S519;S527;S534;S552;S555;S557;S574;S576;S579;S583;S585;S586;S587;S596;S599;S600;S609;S610;S611;S614;S615;S625;S626;S646;S652;S653;S662;S664;S665;S666;S667;S668;S671;S672;S768;S788;S794,9:1.07556558;13:1.16849336;18:1.21090362;20:0.98314468;10:0.90928445;19:1.09816681;6:0.68224634;7:1.02379756;10:1.03455254;18:1.00933842,11407.513752094888,0.8917533847283299,84264182.3258027,67531131.66593726,2049232.9347513155,14683817.725113455
100,9,100,S001;S019;S051;S052;S056;S062;S075;S143;S147;S160;S161;S167;S168;S169;S186;S189;S193;S194;S195;S198;S200;S208;S209;S212;S213;S214;S227;S228;S241;S249;S267;S296;S297;S301;S359;S362;S364;S378;S384;S387;S392;S394;S396;S397;S400;S401;S402;S407;S445;S467;S468;S470;S473;S474;S475;S476;S477;S481;S487;S488;S492;S500;S515;S516;S519;S527;S534;S555;S557;S574;S576;S579;S583;S585;S586;S587;S596;S599;S600;S609;S610;S611;S614;S615;S625;S626;S646;S652;S653;S662;S664;S665;S666;S667;S668;S669;S671;S672;S768;S794,16:1.40544427;9:1.39043882;6:1.28154403;4:1.02024149;12:1.04301008;12:0.98182387;6:1.11300733;15:1.05067707;5:1.06077969;8:1.12607898,14094.632306499136,0.8825861457889083,103358050.98030712,83438555.56592007,2475174.5507178195,17444320.8636695
100,10,100,S016;S019;S051;S052;S056;S057;S062;S075;S113;S143;S147;S160;S161;S168;S169;S186;S193;S194;S195;S198;S200;S208;S209;S210;S213;S215;S227;S241;S246;S249;S267;S281;S297;S301;S308;S359;S362;S364;S384;S386;S392;S394;S396;S397;S400;S407;S445;S465;S466;S467;S468;S470;S473;S474;S475;S476;S477;S481;S487;S488;S489;S490;S492;S500;S516;S527;S534;S555;S557;S574;S575;S576;S579;S583;S585;S586;S587;S596;S599;S600;S609;S610;S611;S614;S615;S625;S626;S646;S652;S653;S662;S664;S666;S667;S668;S669;S671;S672;S768;S788,12:0.84110747;20:1.05150644;5:1.12419061;9:1.07110241;12:1.16247984;16:0.92637039;9:0.86378668;3:1.09594299;4:1.13436899;11:0.97599120,14815.389949949844,0.8795827156183598,107744427.2990927,87705355.53450762,2453338.285495093,17585733.47908965
120,4,120,S001;S016;S019;S051;S052;S056;S057;S062;S075;S113;S143;S147;S160;S161;S167;S168;S169;S186;S189;S193;S194;S195;S198;S200;S208;S209;S210;S212;S213;S214;S215;S227;S228;S241;S246;S249;S267;S281;S296;S297;S301;S308;S356;S358;S359;S362;S364;S378;S384;S386;S387;S392;S394;S396;S397;S400;S401;S402;S407;S429;S445;S465;S466;S467;S468;S470;S473;S474;S475;S476;S477;S481;S487;S488;S489;S490;S492;S500;S515;S516;S519;S527;S534;S552;S555;S557;S574;S575;S576;S579;S583;S585;S586;S587;S596;S599;S600;S609;S610;S611;S614;S615;S625;S626;S646;S652;S653;S662;S664;S665;S666;S667;S668;S669;S671;S672;S768;S787;S788;S794,15:0.75840891;8:0.93522538;6:1.15809223;16:0.95325311;7:0.94752826;11:1.11384725;20:1.11946961;16:1.08383070;11:1.34025008;18:1.16592717,13203.071117941829,0.8855968745386089,96794110.85150102,78160618.81991819,2388435.0545716938,16245056.977010945
120,5,120,S001;S016;S019;S051;S052;S056;S057;S062;S075;S113;S143;S147;S160;S161;S167;S168;S169;S186;S189;S193;S194;S195;S198;S200;S208;S209;S210;S212;S213;S214;S215;S227;S228;S241;S246;S249;S267;S281;S296;S297;S301;S308;S356;S358;S359;S362;S364;S378;S384;S386;S387;S392;S394;S396;S397;S400;S401;S402;S407;S429;S445;S465;S466;S467;S468;S470;S473;S474;S475;S476;S477;S481;S487;S488;S489;S490;S492;S500;S515;S516;S519;S527;S534;S552;S555;S557;S574;S575;S576;S579;S583;S585;S586;S587;S596;S599;S600;S609;S610;S611;S614;S615;S625;S626;S646;S652;S653;S662;S664;S665;S666;S667;S668;S669;S671;S672;S768;S787;S788;S794,11:0.97809309;11:0.90539707;19:1.39800816;8:1.25724352;16:1.04790587;18:0.85275410;3:0.98514893;3:0.83113590;15:0.94050150;18:0.94204216,14644.637596526862,0.8813733434297697,106857548.85657452,86694521.80580327,2611089.5397192733,17551937.511051293
120,6,120,S001;S016;S019;S051;S052;S056;S057;S062;S075;S113;S143;S147;S160;S161;S167;S168;S169;S186;S189;S193;S194;S195;S198;S200;S208;S209;S210;S212;S213;S214;S215;S227;S228;S241;S246;S249;S267;S281;S296;S297;S301;S308;S356;S358;S359;S362;S364;S378;S384;S386;S387;S392;S394;S396;S397;S400;S401;S402;S407;S429;S445;S465;S466;S467;S468;S470;S473;S474;S475;S476;S477;S481;S487;S488;S489;S490;S492;S500;S515;S516;S519;S527;S534;S552;S555;S557;S574;S575;S576;S579;S583;S585;S586;S587;S596;S599;S600;S609;S610;S611;S614;S615;S625;S626;S646;S652;S653;S662;S664;S665;S666;S667;S668;S669;S671;S672;S768;S787;S788;S794,9:0.95803538;1:0.95875647;1:1.24246481;14:1.03617917;11:1.06355820;19:0.84831976;14:0.92711315;12:1.04934140;3:0.90453380;1:0.89554913,16296.185569910018,0.874933713445411,119282646.4731502,96471490.39570904,3009544.600117991,19801611.477322605
120,7,120,S001;S016;S019;S051;S052;S056;S057;S062;S075;S113;S143;S147;S160;S161;S167;S168;S169;S186;S189;S193;S194;S195;S198;S200;S208;S209;S210;S212;S213;S214;S215;S227;S228;S241;S246;S249;S267;S281;S296;S297;S301;S308;S356;S358;S359;S362;S364;S378;S384;S386;S387;S392;S394;S396;S397;S400;S401;S402;S407;S429;S445;S465;S466;S467;S468;S470;S473;S474;S475;S476;S477;S481;S487;S488;S489;S490;S492;S500;S515;S516;S519;S527;S534;S552;S555;S557;S574;S575;S576;S579;S583;S585;S586;S587;S596;S599;S600;S609;S610;S611;S614;S615;S625;S626;S646;S652;S653;S662;S664;S665;S666;S667;S668;S669;S671;S672;S768;S787;S788;S794,19:1.01800922;18:0.78823092;16:0.67838796;10:1.44534954;15:0.72757081;17:0.85491671;13:0.96443535;17:1.02353571;2:1.33881202;7:1.12811897,11778.38156924689,0.8902083263442683,87145297.39976428,69726625.2620902,2176217.3442087527,15242454.793465177
120,8,120,S001;S016;S019;S051;S052;S056;S057;S062;S075;S113;S143;S147;S160;S161;S167;S168;S169;S186;S189;S193;S194;S195;S198;S200;S208;S209;S210;S212;S213;S214;S215;S227;S228;S241;S246;S249;S267;S281;S296;S297;S301;S308;S356;S358;S359;S362;S364;S378;S384;S386;S387;S392;S394;S396;S397;S400;S401;S402;S407;S429;S445;S465;S466;S467;S468;S470;S473;S474;S475;S476;S477;S481;S487;S488;S489;S490;S492;S500;S515;S516;S519;S527;S534;S552;S555;S557;S574;S575;S576;S579;S583;S585;S586;S587;S596;S599;S600;S609;S610;S611;S614;S615;S625;S626;S646;S652;S653;S662;S664;S665;S666;S667;S668;S669;S671;S672;S768;S787;S788;S794,9:1.07556558;13:1.16849336;18:1.21090362;20:0.98314468;10:0.90928445;19:1.09816681;6:0.68224634;7:1.02379756;10:1.03455254;18:1.00933842,11296.981682296177,0.892475071145001,83665803.78504877,66876794.89097485,2063741.6427856183,14725267.251287976
120,9,120,S001;S016;S019;S051;S052;S056;S057;S062;S075;S113;S143;S147;S160;S161;S167;S168;S169;S186;S189;S193;S194;S195;S198;S200;S208;S209;S210;S212;S213;S214;S215;S227;S228;S241;S246;S249;S267;S281;S296;S297;S301;S308;S356;S358;S359;S362;S364;S378;S384;S386;S387;S392;S394;S396;S397;S400;S401;S402;S407;S429;S445;S465;S466;S467;S468;S470;S473;S474;S475;S476;S477;S481;S487;S488;S489;S490;S492;S500;S515;S516;S519;S527;S534;S552;S555;S557;S574;S575;S576;S579;S583;S585;S586;S587;S596;S599;S600;S609;S610;S611;S614;S615;S625;S626;S646;S652;S653;S662;S664;S665;S666;S667;S668;S669;S671;S672;S768;S787;S788;S794,16:1.40544427;9:1.39043882;6:1.28154403;4:1.02024149;12:1.04301008;12:0.98182387;6:1.11300733;15:1.05067707;5:1.06077969;8:1.12607898,13959.545702829888,0.8835077795177052,102634956.1090293,82638858.8557568,2501118.9132272974,17494978.34004547
120,10,120,S001;S016;S019;S051;S052;S056;S057;S062;S075;S113;S143;S147;S160;S161;S167;S168;S169;S186;S189;S193;S194;S195;S198;S200;S208;S209;S210;S212;S213;S214;S215;S227;S228;S241;S246;S249;S267;S281;S296;S297;S301;S308;S356;S358;S359;S362;S364;S378;S384;S386;S387;S392;S394;S396;S397;S400;S401;S402;S407;S429;S445;S465;S466;S467;S468;S470;S473;S474;S475;S476;S477;S481;S487;S488;S489;S490;S492;S500;S515;S516;S519;S527;S534;S552;S555;S557;S574;S575;S576;S579;S583;S585;S586;S587;S596;S599;S600;S609;S610;S611;S614;S615;S625;S626;S646;S652;S653;S662;S664;S665;S666;S667;S668;S669;S671;S672;S768;S787;S788;S794,12:0.84110747;20:1.05150644;5:1.12419061;9:1.07110241;12:1.16247984;16:0.92637039;9:0.86378668;3:1.09594299;4:1.13436899;11:0.97599120,14331.176334330376,0.8826709097468209,105096473.3016964,84838868.22259593,2490580.7989789355,17767024.280121367
