policy,budget,replication,draw_id,demand_point_id,triage,period,scenario_id,unmet_casualties
B25_rep1,25,1,100000,SD001,T1,1,100000,1016.2
B25_rep1,25,1,100000,SD001,T1,2,100000,741.61
B25_rep1,25,1,100000,SD001,T1,3,100000,340.22
B25_rep1,25,1,100000,SD001,T1,4,100000,82.88
B25_rep1,25,1,100000,SD002,T1,1,100000,302.86
B25_rep1,25,1,100000,SD002,T1,2,100000,300.91
B25_rep1,25,1,100000,SD002,T1,3,100000,145.84
B25_rep1,25,1,100000,SD002,T1,4,100000,55.48
B25_rep1,25,1,100000,SD002,T2,1,100000,130.29
B25_rep1,25,1,100000,SD003,T1,1,100000,250.86
B25_rep1,25,1,100000,SD003,T1,2,100000,414.47
B25_rep1,25,1,100000,SD003,T1,3,100000,198.28
B25_rep1,25,1,100000,SD003,T1,4,100000,90.56
B25_rep1,25,1,100000,SD003,T2,1,100000,391.88
B25_rep1,25,1,100000,SD004,T1,1,100000,2662.48
B25_rep1,25,1,100000,SD004,T1,2,100000,2892.12
B25_rep1,25,1,100000,SD004,T1,3,100000,744.49
B25_rep1,25,1,100000,SD004,T2,1,100000,2393.54
B25_rep1,25,1,100000,SD004,T3,2,100000,838.21
B25_rep1,25,1,100000,SD005,T1,1,100000,108.04
B25_rep1,25,1,100000,SD005,T1,2,100000,82.79
B25_rep1,25,1,100000,SD005,T1,3,100000,42.0
B25_rep1,25,1,100000,SD005,T1,4,100000,16.24
B25_rep1,25,1,100000,SD006,T1,1,100000,1593.96
B25_rep1,25,1,100000,SD006,T1,2,100000,1856.42
B25_rep1,25,1,100000,SD006,T1,3,100000,650.97
B25_rep1,25,1,100000,SD006,T2,1,100000,1461.92
B25_rep1,25,1,100000,SD006,T3,2,100000,497.63
B25_rep1,25,1,100000,SD007,T1,1,100000,495.11
B25_rep1,25,1,100000,SD007,T1,2,100000,569.46
B25_rep1,25,1,100000,SD007,T1,3,100000,247.21
B25_rep1,25,1,100000,SD007,T1,4,100000,71.1
B25_rep1,25,1,100000,SD007,T2,1,100000,380.29
B25_rep1,25,1,100000,SD008,T1,1,100000,114.84
B25_rep1,25,1,100000,SD008,T1,2,100000,142.73
B25_rep1,25,1,100000,SD008,T1,3,100000,63.34
B25_rep1,25,1,100000,SD008,T1,4,100000,20.96
B25_rep1,25,1,100000,SD008,T2,1,100000,104.55
B25_rep1,25,1,100000,SD009,T1,1,100000,4436.33
B25_rep1,25,1,100000,SD009,T1,2,100000,4609.59
B25_rep1,25,1,100000,SD009,T1,3,100000,2114.67
B25_rep1,25,1,100000,SD009,T1,4,100000,278.58
B25_rep1,25,1,100000,SD009,T2,1,100000,2389.48
B25_rep1,25,1,100000,SD010,T1,1,100000,892.35
B25_rep1,25,1,100000,SD010,T1,2,100000,1108.0
B25_rep1,25,1,100000,SD010,T1,3,100000,651.34
B25_rep1,25,1,100000,SD010,T1,4,100000,334.9
B25_rep1,25,1,100000,SD010,T2,1,100000,689.53
B25_rep1,25,1,100000,SD010,T2,2,100000,108.02
B25_rep1,25,1,100000,SD011,T1,1,100000,663.14
B25_rep1,25,1,100000,SD011,T1,2,100000,1115.01
B25_rep1,25,1,100000,SD011,T1,3,100000,464.66
B25_rep1,25,1,100000,SD011,T1,4,100000,139.6
B25_rep1,25,1,100000,SD011,T2,1,100000,1159.12
B25_rep1,25,1,100000,SD011,T3,2,100000,10.35
