policy,budget,replication,draw_id,site_id
B25_rep1,25,1,100000,S071
B25_rep1,25,1,100000,S074
B25_rep1,25,1,100000,S111
B25_rep1,25,1,100000,S126
B25_rep1,25,1,100000,S395
B25_rep1,25,1,100000,S447
B25_rep1,25,1,100000,S462
B25_rep1,25,1,100000,S471
B25_rep1,25,1,100000,S486
B25_rep1,25,1,100000,S488
B25_rep1,25,1,100000,S497
B25_rep1,25,1,100000,S510
B25_rep1,25,1,100000,S517
B25_rep1,25,1,100000,S539
B25_rep1,25,1,100000,S569
B25_rep1,25,1,100000,S576
B25_rep1,25,1,100000,S593
B25_rep1,25,1,100000,S617
B25_rep1,25,1,100000,S625
B25_rep1,25,1,100000,S681
B25_rep1,25,1,100000,S685
B25_rep1,25,1,100000,S686
B25_rep1,25,1,100000,S722
B25_rep1,25,1,100000,S729
B25_rep1,25,1,100000,S756
