demand_point_id,demand_point_name,facility_id,facility_set,assigned_casualties,distance_km,travel_burden_casualty_km
SD001,Afşin,S721,JT,236.0,1.58,372.79
SD001,Afşin,S067,JT,30.0,2.263,67.9
SD001,Afşin,S722,JT,2000.0,1.968,3935.8
SD001,Afşin,S070,JT,30.0,26.061,781.84
SD001,Afşin,S080,JT,30.0,0.586,17.57
SD001,Afşin,S006,JT,174.0,3.37,586.38
SD001,Afşin,S081,JT,30.0,1.235,37.05
SD001,Afşin,S077,JT,61.0,3.386,206.57
SD001,Afşin,S716,JT,91.0,1.989,181.02
SD001,Afşin,S543,JT,1259.0,2.745,3455.95
SD001,Afşin,S621,JT,297.0,44.606,13248.01
SD001,Afşin,S567,JT,31.0,60.206,1866.38
SD001,Afşin,S082,JT,95.0,0.308,29.29
SD001,Afşin,S028,JT,91.0,59.03,5371.74
SD001,Afşin,S540,JT,292.0,1.97,575.39
SD001,Afşin,S447,JT,131.0,18.862,2470.9
SD001,Afşin,S079,JT,30.0,0.613,18.39
SD001,Afşin,S078,JT,90.0,0.761,68.52
SD001,Afşin,S008,JT,91.0,1.414,128.69
SD001,Afşin,S544,JT,1435.0,3.636,5217.8
SD001,Afşin,S452,JT,360.0,2.072,746.06
SD001,Afşin,S083,JT,47.0,1.449,68.09
SD001,Afşin,JH_H004,JH,150.0,1.855,278.25
SD001,Afşin,S066,JT,30.0,2.238,67.13
SD001,Afşin,S065,JT,44.0,2.21,97.23
SD001,Afşin,S715,JT,49.0,1.886,92.42
SD001,Afşin,S649,JT,36.0,70.309,2531.12
SD001,Afşin,S068,JT,30.0,1.619,48.56
SD001,Afşin,S007,JT,91.0,2.779,252.85
SD001,Afşin,S757,JT,584.0,1.902,1110.94
SD001,Afşin,S620,JT,102.0,44.131,4501.39
SD001,Afşin,S541,JT,229.0,0.461,105.48
SD001,Afşin,S003,JT,91.0,3.15,286.68
SD001,Afşin,S650,JT,449.0,2.557,1147.96
SD001,Afşin,S619,JT,30.0,44.182,1325.46
SD001,Afşin,S792,JT,66.0,16.346,1078.85
SD001,Afşin,S453,JT,208.0,1.991,414.19
SD001,Afşin,S101,JT,30.0,10.862,325.85
SD002,Andırın,S403,JT,30.0,16.771,503.13
SD002,Andırın,JH_H008,JH,30.0,1.083,32.48
SD002,Andırın,S071,JT,100.0,22.408,2240.8
SD002,Andırın,S402,JT,39.0,26.129,1019.04
SD002,Andırın,S753,JT,172.0,39.224,6746.44
SD002,Andırın,S774,JT,785.0,57.098,44821.69
SD002,Andırın,S752,JT,91.0,37.379,3401.46
SD002,Andırın,S643,JT,690.0,57.929,39971.22
SD002,Andırın,S128,JT,527.0,36.739,19361.24
SD002,Andırın,S756,JT,149.0,17.628,2626.59
SD003,Çağlayancerit,S571,JT,215.0,69.287,14896.68
SD003,Çağlayancerit,S250,JT,216.0,73.876,15957.3
SD003,Çağlayancerit,S378,JT,445.0,69.545,30947.53
SD003,Çağlayancerit,S772,JT,358.0,72.917,26104.32
SD003,Çağlayancerit,S379,JT,296.0,70.096,20748.33
SD003,Çağlayancerit,JH_H009,JH,10.0,0.431,4.31
SD003,Çağlayancerit,S398,JT,267.0,59.556,15901.4
SD003,Çağlayancerit,S359,JT,242.0,74.274,17974.26
SD004,Dulkadiroğlu,S662,JT,506.0,3.085,1560.81
SD004,Dulkadiroğlu,S477,JT,228.0,1.5,341.95
SD004,Dulkadiroğlu,S587,JT,149.0,1.627,242.41
SD004,Dulkadiroğlu,S313,JT,254.0,66.841,16977.49
SD004,Dulkadiroğlu,JH_H014,JH,40.0,0.324,12.94
SD004,Dulkadiroğlu,S287,JT,210.0,66.02,13864.26
SD004,Dulkadiroğlu,S111,JT,808.0,1.245,1006.04
SD004,Dulkadiroğlu,S372,JT,814.0,65.459,53283.63
SD004,Dulkadiroğlu,S262,JT,286.0,4.135,1182.58
SD004,Dulkadiroğlu,S690,JT,156.0,0.805,125.61
SD004,Dulkadiroğlu,S548,JT,160.0,4.078,652.51
SD004,Dulkadiroğlu,S318,JT,1209.0,67.676,81820.04
SD004,Dulkadiroğlu,S622,JT,587.0,10.181,5976.19
SD004,Dulkadiroğlu,S584,JT,119.0,0.87,103.55
SD004,Dulkadiroğlu,S334,JT,351.0,66.037,23178.99
SD004,Dulkadiroğlu,S461,JT,192.0,7.852,1507.64
SD004,Dulkadiroğlu,S732,JT,195.0,66.642,12995.15
SD004,Dulkadiroğlu,S689,JT,108.0,1.385,149.53
SD004,Dulkadiroğlu,S694,JT,500.0,65.969,32984.5
SD004,Dulkadiroğlu,S486,JT,503.0,0.478,240.58
SD004,Dulkadiroğlu,S583,JT,124.0,1.31,162.42
SD004,Dulkadiroğlu,S605,JT,57.0,0.52,29.64
SD004,Dulkadiroğlu,S002,JT,174.0,12.894,2243.56
SD004,Dulkadiroğlu,S760,JT,355.0,7.82,2776.24
SD004,Dulkadiroğlu,S298,JT,204.0,65.82,13427.2
SD004,Dulkadiroğlu,S766,JT,900.0,68.754,61879.05
SD004,Dulkadiroğlu,S288,JT,147.0,64.724,9514.35
SD004,Dulkadiroğlu,S656,JT,139.0,5.108,709.96
SD004,Dulkadiroğlu,S702,JT,121.0,5.922,716.61
SD004,Dulkadiroğlu,S059,JT,174.0,58.562,10189.74
SD004,Dulkadiroğlu,S284,JT,307.0,64.363,19759.5
SD004,Dulkadiroğlu,S692,JT,160.0,28.959,4633.36
SD004,Dulkadiroğlu,S134,JT,291.0,67.233,19564.92
SD004,Dulkadiroğlu,S623,JT,363.0,10.006,3632.25
SD004,Dulkadiroğlu,S433,JT,440.0,69.453,30559.1
SD004,Dulkadiroğlu,S286,JT,213.0,65.599,13972.52
SD004,Dulkadiroğlu,S096,JT,2000.0,69.241,138482.8
SD004,Dulkadiroğlu,S648,JT,133.0,2.575,342.45
SD004,Dulkadiroğlu,S457,JT,707.0,69.273,48976.36
SD004,Dulkadiroğlu,S033,JT,174.0,16.944,2948.24
SD004,Dulkadiroğlu,S545,JT,211.0,4.584,967.31
SD004,Dulkadiroğlu,S687,JT,147.0,2.16,317.48
SD004,Dulkadiroğlu,JH_H013,JH,40.0,2.684,107.37
SD004,Dulkadiroğlu,S688,JT,206.0,2.154,443.62
SD004,Dulkadiroğlu,S585,JT,173.0,1.015,175.66
SD004,Dulkadiroğlu,S310,JT,246.0,66.451,16346.97
SD004,Dulkadiroğlu,S304,JT,235.0,66.414,15607.27
SD004,Dulkadiroğlu,JH_H001,JH,1000.0,10.7,10699.8
SD004,Dulkadiroğlu,S115,JT,252.0,63.536,16011.1
SD004,Dulkadiroğlu,S602,JT,171.0,1.593,272.44
SD004,Dulkadiroğlu,S303,JT,200.0,66.401,13280.3
SD004,Dulkadiroğlu,S264,JT,153.0,2.977,455.48
SD004,Dulkadiroğlu,S641,JT,339.0,53.308,18071.51
SD004,Dulkadiroğlu,S015,JT,83.0,0.446,36.98
SD004,Dulkadiroğlu,S302,JT,178.0,66.206,11784.6
SD004,Dulkadiroğlu,S604,JT,70.0,0.559,39.15
SD004,Dulkadiroğlu,S586,JT,226.0,0.767,173.32
SD004,Dulkadiroğlu,S371,JT,276.0,65.809,18163.34
SD004,Dulkadiroğlu,S525,JT,67.0,1.264,84.69
SD004,Dulkadiroğlu,S132,JT,322.0,66.466,21401.99
SD004,Dulkadiroğlu,S133,JT,322.0,67.317,21676.14
SD004,Dulkadiroğlu,S596,JT,157.0,1.247,195.83
SD004,Dulkadiroğlu,S606,JT,65.0,1.159,75.35
SD004,Dulkadiroğlu,S499,JT,379.0,2.876,1089.89
SD004,Dulkadiroğlu,S511,JT,69.0,3.645,251.53
SD004,Dulkadiroğlu,S626,JT,161.0,2.11,339.66
SD004,Dulkadiroğlu,S299,JT,155.0,65.37,10132.29
SD004,Dulkadiroğlu,S497,JT,2000.0,2.524,5047.4
SD004,Dulkadiroğlu,S035,JT,174.0,16.931,2946.06
SD004,Dulkadiroğlu,S478,JT,216.0,1.515,327.33
SD004,Dulkadiroğlu,S263,JT,517.0,4.126,2133.35
SD004,Dulkadiroğlu,S588,JT,231.0,1.566,361.65
SD004,Dulkadiroğlu,S603,JT,119.0,1.526,181.59
SD004,Dulkadiroğlu,S368,JT,142.0,58.285,8276.4
SD004,Dulkadiroğlu,S589,JT,223.0,1.6,356.84
SD004,Dulkadiroğlu,S663,JT,247.0,2.881,711.58
SD004,Dulkadiroğlu,S285,JT,180.0,64.884,11679.07
SD004,Dulkadiroğlu,S551,JT,204.0,2.344,478.07
SD004,Dulkadiroğlu,S484,JT,2000.0,8.468,16936.6
SD004,Dulkadiroğlu,S406,JT,123.0,2.065,254.04
SD004,Dulkadiroğlu,S458,JT,542.0,69.395,37612.04
SD004,Dulkadiroğlu,S657,JT,254.0,3.455,877.7
SD004,Dulkadiroğlu,S114,JT,215.0,63.456,13642.95
SD004,Dulkadiroğlu,S516,JT,350.0,2.815,985.29
SD004,Dulkadiroğlu,S034,JT,174.0,17.033,2963.79
SD004,Dulkadiroğlu,S300,JT,221.0,65.314,14434.31
SD004,Dulkadiroğlu,S625,JT,332.0,2.078,689.86
SD004,Dulkadiroğlu,S727,JT,38.0,0.693,26.34
SD005,Ekinözü,S697,JT,268.0,105.547,28286.68
SD005,Ekinözü,JH_H011,JH,10.0,0.535,5.35
SD005,Ekinözü,S576,JT,649.0,64.061,41575.52
SD006,Elbistan,S397,JT,174.0,111.324,19370.36
SD006,Elbistan,S699,JT,263.0,83.165,21872.37
SD006,Elbistan,S085,JT,30.0,62.831,1884.93
SD006,Elbistan,S654,JT,90.0,58.489,5263.99
SD006,Elbistan,S765,JT,337.0,2.47,832.42
SD006,Elbistan,S001,JT,174.0,96.663,16819.33
SD006,Elbistan,S569,JT,503.0,1.906,958.67
SD006,Elbistan,S355,JT,207.0,124.981,25871.0
SD006,Elbistan,S126,JT,424.0,1.621,687.09
SD006,Elbistan,S682,JT,30.0,0.723,21.7
SD006,Elbistan,S681,JT,650.0,1.34,871.26
SD006,Elbistan,S401,JT,269.0,124.426,33470.67
SD006,Elbistan,S697,JT,400.0,121.096,48438.2
SD006,Elbistan,JH_H003,JH,378.0,2.765,1045.13
SD006,Elbistan,S084,JT,30.0,62.857,1885.7
SD006,Elbistan,S446,JT,159.0,2.87,456.39
SD006,Elbistan,S124,JT,200.0,1.431,286.14
SD006,Elbistan,S707,JT,81.0,110.242,8929.62
SD006,Elbistan,S455,JT,176.0,1.629,286.65
SD006,Elbistan,S064,JT,30.0,67.419,2022.57
SD006,Elbistan,S778,JT,204.0,45.719,9326.59
SD006,Elbistan,S168,JT,420.0,124.589,52327.51
SD006,Elbistan,S443,JT,244.0,121.053,29536.83
SD006,Elbistan,S572,JT,536.0,50.925,27295.8
SD006,Elbistan,S354,JT,2000.0,10.547,21093.4
SD006,Elbistan,S789,JT,210.0,122.242,25670.82
SD006,Elbistan,S786,JT,160.0,109.733,17557.26
SD006,Elbistan,S442,JT,276.0,121.146,33436.3
SD006,Elbistan,S258,JT,220.0,124.903,27478.62
SD006,Elbistan,S410,JT,332.0,125.204,41567.83
SD006,Elbistan,S399,JT,46.0,107.401,4940.46
SD006,Elbistan,S683,JT,30.0,0.739,22.18
SD006,Elbistan,S454,JT,198.0,1.433,283.75
SD006,Elbistan,S005,JT,174.0,51.001,8874.14
SD006,Elbistan,S779,JT,155.0,45.139,6996.47
SD006,Elbistan,S573,JT,195.0,52.06,10151.66
SD006,Elbistan,S568,JT,339.0,2.276,771.67
SD006,Elbistan,S094,JT,586.0,60.682,35559.65
SD006,Elbistan,S776,JT,230.0,60.396,13890.99
SD006,Elbistan,S004,JT,174.0,51.837,9019.71
SD006,Elbistan,S701,JT,42.0,83.368,3501.46
SD006,Elbistan,S729,JT,86.0,38.232,3287.98
SD006,Elbistan,S794,JT,151.0,97.296,14691.73
SD006,Elbistan,S698,JT,67.0,82.308,5514.61
SD006,Elbistan,JH_H015,JH,50.0,0.645,32.26
SD006,Elbistan,S189,JT,489.0,126.788,61999.58
SD006,Elbistan,S125,JT,207.0,1.0,206.94
SD006,Elbistan,S297,JT,339.0,104.356,35376.51
SD006,Elbistan,S557,JT,290.0,103.468,30005.78
SD006,Elbistan,JH_H010,JH,15.0,35.826,537.38
SD006,Elbistan,S704,JT,120.0,97.403,11688.35
SD006,Elbistan,S680,JT,226.0,2.365,534.38
SD006,Elbistan,S396,JT,114.0,116.311,13259.49
SD006,Elbistan,S700,JT,128.0,83.253,10656.4
SD006,Elbistan,S400,JT,71.0,108.744,7720.82
SD006,Elbistan,S768,JT,209.0,114.894,24012.93
SD006,Elbistan,S791,JT,113.0,3.454,390.31
SD006,Elbistan,S359,JT,147.0,125.356,18427.26
SD006,Elbistan,S122,JT,623.0,3.94,2454.37
SD006,Elbistan,S784,JT,60.0,3.479,208.73
SD006,Elbistan,S706,JT,89.0,110.224,9809.91
SD006,Elbistan,S785,JT,198.0,109.773,21735.11
SD006,Elbistan,S549,JT,366.0,123.86,45332.87
SD006,Elbistan,S169,JT,346.0,123.699,42799.99
SD007,Göksun,S060,JT,174.0,0.294,51.14
SD007,Göksun,S565,JT,101.0,35.238,3559.02
SD007,Göksun,S153,JT,500.0,85.026,42513.25
SD007,Göksun,S769,JT,442.0,36.395,16086.37
SD007,Göksun,S537,JT,96.0,2.081,199.74
SD007,Göksun,S567,JT,211.0,35.64,7520.08
SD007,Göksun,S564,JT,306.0,35.605,10895.25
SD007,Göksun,S725,JT,308.0,0.935,287.92
SD007,Göksun,S069,JT,30.0,13.267,398.02
SD007,Göksun,S724,JT,115.0,0.957,110.0
SD007,Göksun,S279,JT,98.0,35.903,3518.45
SD007,Göksun,S131,JT,262.0,0.532,139.44
SD007,Göksun,S129,JT,341.0,85.325,29095.93
SD007,Göksun,S539,JT,120.0,32.419,3890.29
SD007,Göksun,JH_H007,JH,75.0,4.981,373.58
SD007,Göksun,S128,JT,493.0,85.265,42035.69
SD007,Göksun,S563,JT,364.0,36.264,13200.28
SD007,Göksun,S395,JT,272.0,19.484,5299.54
SD007,Göksun,S130,JT,172.0,0.663,114.09
SD008,Nurhak,S093,JT,30.0,27.233,816.98
SD008,Nurhak,S095,JT,240.0,26.538,6369.05
SD008,Nurhak,S094,JT,722.0,26.433,19084.34
SD008,Nurhak,S092,JT,30.0,26.717,801.51
SD009,Onikişubat,S581,JT,172.0,5.665,974.31
SD009,Onikişubat,S677,JT,102.0,1.217,124.13
SD009,Onikişubat,S109,JT,177.0,1.952,345.5
SD009,Onikişubat,S642,JT,430.0,7.122,3062.5
SD009,Onikişubat,S802,JT,2000.0,26.245,52490.8
SD009,Onikişubat,S494,JT,175.0,2.186,382.46
SD009,Onikişubat,S407,JT,224.0,5.207,1166.32
SD009,Onikişubat,S594,JT,259.0,3.804,985.34
SD009,Onikişubat,S473,JT,220.0,2.681,589.91
SD009,Onikişubat,S526,JT,39.0,1.597,62.28
SD009,Onikişubat,S472,JT,92.0,2.085,191.83
SD009,Onikişubat,S530,JT,225.0,6.37,1433.18
SD009,Onikişubat,S462,JT,348.0,1.207,419.9
SD009,Onikişubat,S646,JT,195.0,8.169,1592.94
SD009,Onikişubat,S469,JT,249.0,1.598,398.0
SD009,Onikişubat,S652,JT,172.0,2.092,359.86
SD009,Onikişubat,S025,JT,174.0,6.745,1173.7
SD009,Onikişubat,S509,JT,301.0,7.57,2278.45
SD009,Onikişubat,S597,JT,156.0,0.883,137.72
SD009,Onikişubat,S073,JT,2000.0,9.071,18141.2
SD009,Onikişubat,S611,JT,129.0,7.535,972.04
SD009,Onikişubat,S024,JT,174.0,6.775,1178.9
SD009,Onikişubat,S468,JT,258.0,2.507,646.73
SD009,Onikişubat,S607,JT,135.0,6.513,879.19
SD009,Onikişubat,S536,JT,111.0,4.396,488.0
SD009,Onikişubat,S550,JT,30.0,21.119,633.58
SD009,Onikişubat,S023,JT,174.0,8.595,1495.53
SD009,Onikişubat,S562,JT,207.0,4.061,840.52
SD009,Onikişubat,S533,JT,442.0,6.601,2917.64
SD009,Onikişubat,S476,JT,442.0,2.398,1059.83
SD009,Onikişubat,S492,JT,479.0,4.002,1916.81
SD009,Onikişubat,S600,JT,193.0,4.069,785.36
SD009,Onikişubat,S618,JT,70.0,1.383,96.78
SD009,Onikişubat,S609,JT,112.0,3.664,410.37
SD009,Onikişubat,S508,JT,283.0,7.565,2140.95
SD009,Onikişubat,S479,JT,206.0,2.444,503.46
SD009,Onikişubat,S685,JT,129.0,0.422,54.43
SD009,Onikişubat,S520,JT,277.0,3.117,863.44
SD009,Onikişubat,S518,JT,119.0,0.834,99.26
SD009,Onikişubat,S467,JT,93.0,3.668,341.1
SD009,Onikişubat,S684,JT,164.0,1.39,227.89
SD009,Onikişubat,S014,JT,174.0,50.932,8862.15
SD009,Onikişubat,S493,JT,181.0,2.305,417.13
SD009,Onikişubat,S570,JT,55.0,6.428,353.56
SD009,Onikişubat,S502,JT,192.0,4.154,797.55
SD009,Onikişubat,S463,JT,318.0,6.442,2048.59
SD009,Onikişubat,S615,JT,327.0,7.516,2457.8
SD009,Onikişubat,S108,JT,312.0,4.189,1306.87
SD009,Onikişubat,S481,JT,193.0,4.441,857.06
SD009,Onikişubat,S394,JT,430.0,7.559,3250.41
SD009,Onikişubat,S579,JT,185.0,4.964,918.38
SD009,Onikişubat,S523,JT,265.0,9.015,2389.05
SD009,Onikişubat,S512,JT,66.0,2.479,163.61
SD009,Onikişubat,S574,JT,333.0,8.6,2863.93
SD009,Onikişubat,S074,JT,954.0,1.388,1324.15
SD009,Onikişubat,S748,JT,108.0,4.939,533.36
SD009,Onikişubat,S515,JT,79.0,2.326,183.74
SD009,Onikişubat,S598,JT,225.0,3.405,766.22
SD009,Onikişubat,S031,JT,174.0,10.232,1780.33
SD009,Onikişubat,S651,JT,173.0,4.442,768.54
SD009,Onikişubat,S531,JT,219.0,4.498,985.11
SD009,Onikişubat,S781,JT,191.0,22.936,4380.8
SD009,Onikişubat,S470,JT,159.0,3.004,477.7
SD009,Onikişubat,S471,JT,469.0,2.0,938.19
SD009,Onikişubat,S679,JT,130.0,3.567,463.77
SD009,Onikişubat,S517,JT,441.0,0.647,285.42
SD009,Onikişubat,S593,JT,254.0,1.309,332.54
SD009,Onikişubat,S693,JT,239.0,6.476,1547.72
SD009,Onikişubat,JH_H002,JH,600.0,8.677,5206.26
SD009,Onikişubat,S755,JT,706.0,65.129,45981.36
SD009,Onikişubat,S578,JT,149.0,5.849,871.44
SD009,Onikişubat,S504,JT,157.0,5.591,877.87
SD009,Onikişubat,S582,JT,130.0,5.123,665.96
SD009,Onikişubat,S480,JT,426.0,4.079,1737.53
SD009,Onikişubat,S750,JT,829.0,2.758,2286.3
SD009,Onikişubat,S555,JT,344.0,7.248,2493.28
SD009,Onikişubat,S391,JT,387.0,3.39,1311.97
SD009,Onikişubat,S522,JT,384.0,4.128,1585.11
SD009,Onikişubat,S487,JT,301.0,1.035,311.5
SD009,Onikişubat,S529,JT,208.0,1.209,251.53
SD009,Onikişubat,S595,JT,122.0,0.683,83.31
SD009,Onikişubat,S521,JT,141.0,1.206,170.0
SD009,Onikişubat,S393,JT,1151.0,7.849,9034.43
SD009,Onikişubat,S026,JT,174.0,4.024,700.14
SD009,Onikişubat,S051,JT,502.0,8.431,4232.51
SD009,Onikişubat,S613,JT,127.0,5.178,657.59
SD009,Onikişubat,S553,JT,439.0,6.681,2933.0
SD009,Onikişubat,S448,JT,318.0,5.58,1774.6
SD009,Onikişubat,S534,JT,220.0,6.59,1449.8
SD009,Onikişubat,S474,JT,130.0,2.139,278.1
SD009,Onikişubat,S649,JT,149.0,11.143,1660.28
SD009,Onikişubat,S653,JT,226.0,3.373,762.28
SD009,Onikişubat,S655,JT,523.0,4.757,2487.81
SD009,Onikişubat,S500,JT,255.0,3.512,895.51
SD009,Onikişubat,S678,JT,300.0,3.622,1086.54
SD009,Onikişubat,S392,JT,515.0,6.348,3269.12
SD009,Onikişubat,S505,JT,130.0,5.587,726.26
SD009,Onikişubat,S483,JT,251.0,2.719,682.52
SD009,Onikişubat,S612,JT,213.0,7.526,1603.0
SD009,Onikişubat,S510,JT,249.0,0.698,173.78
SD009,Onikişubat,S032,JT,174.0,10.24,1781.83
SD009,Onikişubat,S112,JT,244.0,1.133,276.45
SD009,Onikişubat,S535,JT,338.0,4.294,1451.51
SD009,Onikişubat,S647,JT,139.0,4.53,629.66
SD009,Onikişubat,S501,JT,215.0,4.192,901.32
SD009,Onikişubat,S749,JT,104.0,9.428,980.55
SD009,Onikişubat,S503,JT,234.0,3.26,762.75
SD009,Onikişubat,S507,JT,333.0,5.776,1923.44
SD009,Onikişubat,S511,JT,279.0,3.597,1003.62
SD009,Onikişubat,S086,JT,31.0,22.158,686.89
SD009,Onikişubat,S617,JT,746.0,1.397,1042.54
SD009,Onikişubat,S556,JT,175.0,2.996,524.28
SD009,Onikişubat,S610,JT,144.0,7.766,1118.26
SD009,Onikişubat,S675,JT,111.0,2.035,225.87
SD009,Onikişubat,S506,JT,230.0,6.286,1445.87
SD009,Onikişubat,S674,JT,506.0,13.986,7077.02
SD009,Onikişubat,S482,JT,175.0,5.384,942.24
SD009,Onikişubat,S495,JT,202.0,2.31,466.7
SD009,Onikişubat,S554,JT,638.0,6.797,4336.55
SD009,Onikişubat,S527,JT,195.0,2.957,576.56
SD009,Onikişubat,S519,JT,40.0,4.793,191.72
SD009,Onikişubat,S408,JT,319.0,5.399,1722.34
SD009,Onikişubat,S524,JT,135.0,3.524,475.78
SD009,Onikişubat,S390,JT,368.0,3.179,1170.02
SD009,Onikişubat,S488,JT,887.0,1.459,1294.31
SD009,Onikişubat,S528,JT,313.0,3.552,1111.81
SD009,Onikişubat,S580,JT,230.0,8.673,1994.81
SD009,Onikişubat,S592,JT,137.0,2.384,326.55
SD009,Onikişubat,JH_H006,JH,110.0,21.432,2357.56
SD009,Onikişubat,S686,JT,127.0,0.204,25.86
SD009,Onikişubat,S532,JT,108.0,2.755,297.49
SD009,Onikişubat,S614,JT,125.0,7.836,979.46
SD009,Onikişubat,S676,JT,302.0,7.002,2114.51
SD009,Onikişubat,S591,JT,117.0,3.912,457.65
SD009,Onikişubat,S599,JT,109.0,4.39,478.55
SD009,Onikişubat,S513,JT,153.0,2.412,369.08
SD009,Onikişubat,S389,JT,157.0,59.82,9391.68
SD009,Onikişubat,JH_H012,JH,60.0,1.458,87.46
SD009,Onikişubat,S644,JT,82.0,6.861,562.59
SD009,Onikişubat,S475,JT,411.0,2.282,937.94
SD009,Onikişubat,S514,JT,200.0,2.224,444.84
SD010,Pazarcık,S174,JT,186.0,45.329,8431.23
SD010,Pazarcık,S141,JT,431.0,47.825,20612.62
SD010,Pazarcık,S697,JT,1332.0,41.619,55436.37
SD010,Pazarcık,S780,JT,809.0,30.272,24489.72
SD010,Pazarcık,S170,JT,286.0,43.564,12459.33
SD010,Pazarcık,S146,JT,525.0,48.368,25393.2
SD010,Pazarcık,S173,JT,226.0,45.312,10240.51
SD010,Pazarcık,S371,JT,1325.0,44.933,59535.69
SD010,Pazarcık,S451,JT,1105.0,41.61,45978.94
SD010,Pazarcık,S412,JT,181.0,44.653,8082.1
SD010,Pazarcık,S547,JT,202.0,45.905,9272.75
SD010,Pazarcık,S175,JT,240.0,45.585,10940.47
SD010,Pazarcık,S171,JT,157.0,44.193,6938.29
SD011,Türkoğlu,S711,JT,132.0,23.071,3045.36
SD011,Türkoğlu,S712,JT,388.0,23.314,9045.75
SD011,Türkoğlu,S559,JT,697.0,14.717,10257.82
SD011,Türkoğlu,S710,JT,434.0,22.978,9972.54
SD011,Türkoğlu,S009,JT,174.0,20.286,3529.78
SD011,Türkoğlu,S110,JT,303.0,24.876,7537.37
SD011,Türkoğlu,S558,JT,212.0,15.075,3195.98
SD011,Türkoğlu,S755,JT,1294.0,42.69,55240.6
SD011,Türkoğlu,S560,JT,545.0,15.375,8379.38
SD011,Türkoğlu,S154,JT,721.0,12.189,8788.41
SD011,Türkoğlu,S742,JT,286.0,13.262,3792.85
SD011,Türkoğlu,S561,JT,262.0,14.713,3854.91
SD011,Türkoğlu,S743,JT,619.0,14.567,9016.91
