parameter,value,metric,probability_weighted_value,worst_scenario_by_Z1,scenario_count
distance_limit_km,8.0,Z1,31558.68342684457,14,20
distance_limit_km,8.0,Z2,2334610.6362182773,14,20
distance_limit_km,8.0,Z3,16883.98680918073,14,20
distance_limit_km,8.0,served_fraction,0.8162906400673374,14,20
distance_limit_km,8.0,generated_casualties,109397.2,14,20
distance_limit_km,8.0,served_casualties,89185.19030175135,14,20
distance_limit_km,8.0,unmet_casualties,31558.683458403255,14,20
distance_limit_km,8.0,tmcs_with_assigned_casualties,76.25,14,20
distance_limit_km,8.0,tmcs_with_assigned_staff,76.25,14,20
distance_limit_km,8.0,tmcs_with_casualties_or_staff,76.25,14,20
distance_limit_km,8.0,staff_added,16883.98680918073,14,20
distance_limit_km,12.0,Z1,30055.41087184983,14,20
distance_limit_km,12.0,Z2,2382552.472963926,14,20
distance_limit_km,12.0,Z3,17199.60918098918,14,20
distance_limit_km,12.0,served_fraction,0.8269301544307992,14,20
distance_limit_km,12.0,generated_casualties,109397.2,14,20
distance_limit_km,12.0,served_casualties,90206.62232174988,14,20
distance_limit_km,12.0,unmet_casualties,30055.41090190524,14,20
distance_limit_km,12.0,tmcs_with_assigned_casualties,79.05000000000001,14,20
distance_limit_km,12.0,tmcs_with_assigned_staff,79.05000000000001,14,20
distance_limit_km,12.0,tmcs_with_casualties_or_staff,79.05000000000001,14,20
distance_limit_km,12.0,staff_added,17199.60918098918,14,20
distance_limit_km,16.0,Z1,27674.629493593344,14,20
distance_limit_km,16.0,Z2,2477663.3670718516,14,20
distance_limit_km,16.0,Z3,17821.36066055067,14,20
distance_limit_km,16.0,served_fraction,0.8421432605712276,14,20
distance_limit_km,16.0,generated_casualties,109397.2,14,20
distance_limit_km,16.0,served_casualties,91824.79328224526,14,20
distance_limit_km,16.0,unmet_casualties,27674.629521267976,14,20
distance_limit_km,16.0,tmcs_with_assigned_casualties,82.8,14,20
distance_limit_km,16.0,tmcs_with_assigned_staff,82.8,14,20
distance_limit_km,16.0,tmcs_with_casualties_or_staff,82.8,14,20
distance_limit_km,16.0,staff_added,17821.36066055067,14,20
hospital_damage_max,0.25,Z1,29925.26653592492,14,20
hospital_damage_max,0.25,Z2,2381060.5244193724,14,20
hospital_damage_max,0.25,Z3,17185.0161527193,14,20
hospital_damage_max,0.25,served_fraction,0.8277425269278385,14,20
hospital_damage_max,0.25,generated_casualties,109397.2,14,20
hospital_damage_max,0.25,served_casualties,90294.98825226059,14,20
hospital_damage_max,0.25,unmet_casualties,29925.266565850183,14,20
hospital_damage_max,0.25,tmcs_with_assigned_casualties,78.95,14,20
hospital_damage_max,0.25,tmcs_with_assigned_staff,78.95,14,20
hospital_damage_max,0.25,tmcs_with_casualties_or_staff,78.95,14,20
hospital_damage_max,0.25,staff_added,17185.0161527193,14,20
hospital_damage_max,0.5,Z1,30055.41087184983,14,20
hospital_damage_max,0.5,Z2,2382552.472963926,14,20
hospital_damage_max,0.5,Z3,17199.60918098918,14,20
hospital_damage_max,0.5,served_fraction,0.8269301544307992,14,20
hospital_damage_max,0.5,generated_casualties,109397.2,14,20
hospital_damage_max,0.5,served_casualties,90206.62232174988,14,20
hospital_damage_max,0.5,unmet_casualties,30055.41090190524,14,20
hospital_damage_max,0.5,tmcs_with_assigned_casualties,79.05000000000001,14,20
hospital_damage_max,0.5,tmcs_with_assigned_staff,79.05000000000001,14,20
hospital_damage_max,0.5,tmcs_with_casualties_or_staff,79.05000000000001,14,20
hospital_damage_max,0.5,staff_added,17199.60918098918,14,20
hospital_damage_max,0.75,Z1,30185.555207774738,14,20
hospital_damage_max,0.75,Z2,2384120.5315419603,14,20
hospital_damage_max,0.75,Z3,17217.654077937215,14,20
hospital_damage_max,0.75,served_fraction,0.8261177819337603,14,20
hospital_damage_max,0.75,generated_casualties,109397.2,14,20
hospital_damage_max,0.75,served_casualties,90118.2563912392,14,20
hospital_damage_max,0.75,unmet_casualties,30185.555237960296,14,20
hospital_damage_max,0.75,tmcs_with_assigned_casualties,79.10000000000001,14,20
hospital_damage_max,0.75,tmcs_with_assigned_staff,79.10000000000001,14,20
hospital_damage_max,0.75,tmcs_with_casualties_or_staff,79.10000000000001,14,20
hospital_damage_max,0.75,staff_added,17217.654077937215,14,20
t1_share,0.1,Z1,13131.638702717886,14,20
t1_share,0.1,Z2,2930639.005338574,14,20
t1_share,0.1,Z3,19401.882056636183,14,20
t1_share,0.1,served_fraction,0.926212345698719,14,20
t1_share,0.1,generated_casualties,109397.2,14,20
t1_share,0.1,served_casualties,101085.21958006876,14,20
t1_share,0.1,unmet_casualties,13131.638715849524,14,20
t1_share,0.1,tmcs_with_assigned_casualties,89.15000000000003,14,20
t1_share,0.1,tmcs_with_assigned_staff,89.15000000000003,14,20
t1_share,0.1,tmcs_with_casualties_or_staff,89.15000000000003,14,20
t1_share,0.1,staff_added,19401.882056636183,14,20
t1_share,0.2,Z1,30066.384391849828,14,20
t1_share,0.2,Z2,2382220.5882984274,14,20
t1_share,0.2,Z3,17198.20522452917,14,20
t1_share,0.2,served_fraction,0.8268525058314261,14,20
t1_share,0.2,generated_casualties,109397.2,14,20
t1_share,0.2,served_casualties,90198.7382417436,14,20
t1_share,0.2,unmet_casualties,30066.38442191621,14,20
t1_share,0.2,tmcs_with_assigned_casualties,79.05000000000001,14,20
t1_share,0.2,tmcs_with_assigned_staff,79.05000000000001,14,20
t1_share,0.2,tmcs_with_casualties_or_staff,79.05000000000001,14,20
t1_share,0.2,staff_added,17198.20522452917,14,20
t1_share,0.3,Z1,47071.591042345295,14,20
t1_share,0.3,Z2,1907846.5070286836,14,20
t1_share,0.3,Z3,14988.353655207906,14,20
t1_share,0.3,served_fraction,0.7268624530848635,14,20
t1_share,0.3,generated_casualties,109397.2,14,20
t1_share,0.3,served_casualties,79259.61150139749,14,20
t1_share,0.3,unmet_casualties,47071.591089416885,14,20
t1_share,0.3,tmcs_with_assigned_casualties,68.25,14,20
t1_share,0.3,tmcs_with_assigned_staff,68.25,14,20
t1_share,0.3,tmcs_with_casualties_or_staff,68.25,14,20
t1_share,0.3,staff_added,14988.353655207906,14,20
operational_staff_fraction,0.5,Z1,30055.41087184983,14,20
operational_staff_fraction,0.5,Z2,2382552.472963926,14,20
operational_staff_fraction,0.5,Z3,17984.77501182203,14,20
operational_staff_fraction,0.5,served_fraction,0.8269301544307992,14,20
operational_staff_fraction,0.5,generated_casualties,109397.2,14,20
operational_staff_fraction,0.5,served_casualties,90206.62232174988,14,20
operational_staff_fraction,0.5,unmet_casualties,30055.41090190524,14,20
operational_staff_fraction,0.5,tmcs_with_assigned_casualties,79.05000000000001,14,20
operational_staff_fraction,0.5,tmcs_with_assigned_staff,79.05000000000001,14,20
operational_staff_fraction,0.5,tmcs_with_casualties_or_staff,79.05000000000001,14,20
operational_staff_fraction,0.5,staff_added,17984.77501182203,14,20
operational_staff_fraction,0.75,Z1,30055.41087184983,14,20
operational_staff_fraction,0.75,Z2,2382552.472963926,14,20
operational_staff_fraction,0.75,Z3,17490.093649789032,14,20
operational_staff_fraction,0.75,served_fraction,0.8269301544307992,14,20
operational_staff_fraction,0.75,generated_casualties,109397.2,14,20
operational_staff_fraction,0.75,served_casualties,90206.62232174988,14,20
operational_staff_fraction,0.75,unmet_casualties,30055.41090190524,14,20
operational_staff_fraction,0.75,tmcs_with_assigned_casualties,79.05000000000001,14,20
operational_staff_fraction,0.75,tmcs_with_assigned_staff,79.05000000000001,14,20
operational_staff_fraction,0.75,tmcs_with_casualties_or_staff,79.05000000000001,14,20
operational_staff_fraction,0.75,staff_added,17490.093649789032,14,20
operational_staff_fraction,1.0,Z1,30055.41087184983,14,20
operational_staff_fraction,1.0,Z2,2382552.472963926,14,20
operational_staff_fraction,1.0,Z3,17199.60918098918,14,20
operational_staff_fraction,1.0,served_fraction,0.8269301544307992,14,20
operational_staff_fraction,1.0,generated_casualties,109397.2,14,20
operational_staff_fraction,1.0,served_casualties,90206.62232174988,14,20
operational_staff_fraction,1.0,unmet_casualties,30055.41090190524,14,20
operational_staff_fraction,1.0,tmcs_with_assigned_casualties,79.05000000000001,14,20
operational_staff_fraction,1.0,tmcs_with_assigned_staff,79.05000000000001,14,20
operational_staff_fraction,1.0,tmcs_with_casualties_or_staff,79.05000000000001,14,20
operational_staff_fraction,1.0,staff_added,17199.60918098918,14,20
