scenario_id,demand_point_id,triage,period,unmet_casualties
1,SD001,T1,1,948.0
1,SD001,T1,2,813.7
1,SD001,T1,3,461.605
1,SD001,T1,4,229.98575000000002
1,SD002,T1,1,284.00004999038197
1,SD002,T1,2,239.09998750240453
1,SD002,T1,3,138.26499662564925
1,SD002,T1,4,72.17474856902533
1,SD003,T1,1,236.0
1,SD003,T1,2,194.9
1,SD003,T1,3,115.83500000000001
1,SD003,T1,4,63.29025
1,SD004,T1,1,3416.247918176967
1,SD004,T1,2,2805.5363549973317
1,SD004,T1,3,1682.542016429235
1,SD004,T1,4,943.8297666668084
1,SD005,T1,1,102.0
1,SD005,T1,2,85.30000000000001
1,SD005,T1,3,48.995000000000005
1,SD005,T1,4,25.554250000000003
1,SD006,T1,1,1478.0
1,SD006,T1,2,1321.0
1,SD006,T1,3,711.65
1,SD006,T1,4,312.38750000000005
1,SD007,T1,1,463.0
1,SD007,T1,2,397.95000000000005
1,SD007,T1,3,224.74250000000004
1,SD007,T1,4,111.06887500000002
1,SD008,T1,1,108.0
1,SD008,T1,2,91.95
1,SD008,T1,3,52.0925
1,SD008,T1,4,26.271375000000003
1,SD009,T1,1,4135.357101836184
1,SD009,T1,2,3530.0964060099013
1,SD009,T1,3,2016.775156727768
1,SD009,T1,4,1024.1075055624956
1,SD010,T1,1,841.0
1,SD010,T1,2,686.4000000000001
1,SD010,T1,3,414.56000000000006
1,SD010,T1,4,235.82400000000004
1,SD011,T1,1,618.0
1,SD011,T1,2,533.7
1,SD011,T1,3,300.105
1,SD011,T1,4,146.56075
2,SD001,T1,1,584.0
2,SD001,T1,2,516.1
2,SD001,T1,3,281.56500000000005
2,SD001,T1,4,127.96975000000003
2,SD002,T1,1,179.0
2,SD002,T1,2,154.10000000000002
2,SD002,T1,3,86.26500000000001
2,SD002,T1,4,42.374750000000006
2,SD003,T1,1,154.0
2,SD003,T1,2,128.1
2,SD003,T1,3,75.11500000000001
2,SD003,T1,4,40.002250000000004
2,SD004,T1,1,2255.5231223981436
2,SD004,T1,2,1859.2377173189789
2,SD004,T1,3,1109.9210626770114
2,SD004,T1,4,616.7345254507395
2,SD005,T1,1,64.0
2,SD005,T1,2,55.1
2,SD005,T1,3,30.915000000000003
2,SD005,T1,4,15.32225
2,SD006,T1,1,845.0
2,SD006,T1,2,803.8
2,SD006,T1,3,399.77
2,SD006,T1,4,135.63550000000004
2,SD007,T1,1,284.0
2,SD007,T1,2,251.35002999189618
2,SD007,T1,3,136.10249250202605
2,SD007,T1,4,60.61287297554702
2,SD008,T1,1,67.0
2,SD008,T1,2,58.55
2,SD008,T1,3,31.7325
2,SD008,T1,4,14.127375
2,SD009,T1,1,2543.675937243172
2,SD009,T1,2,2237.1217654837446
2,SD009,T1,3,1230.6224365819894
2,SD009,T1,4,570.9165880311863
2,SD010,T1,1,561.0
2,SD010,T1,2,458.4
2,SD010,T1,3,276.36
2,SD010,T1,4,156.544
2,SD011,T1,1,376.0
2,SD011,T1,2,335.9
2,SD011,T1,3,180.98499999999999
2,SD011,T1,4,78.91274999999999
3,SD001,T1,1,1106.0
3,SD001,T1,2,942.9000000000001
3,SD001,T1,3,539.2850000000001
3,SD001,T1,4,274.05775000000006
3,SD002,T1,1,328.0000580479675
3,SD002,T1,2,275.6999854880081
3,SD002,T1,3,159.9049960817622
3,SD002,T1,4,83.83074833837694
3,SD003,T1,1,272.0
3,SD003,T1,2,224.3
3,SD003,T1,3,133.59500000000003
3,SD003,T1,4,73.39425000000001
3,SD004,T1,1,3916.145470109382
3,SD004,T1,2,3212.93000856016
3,SD004,T1,3,1929.4049628332461
3,SD004,T1,4,1085.4568875978416
3,SD005,T1,1,118.0
3,SD005,T1,2,98.7
3,SD005,T1,3,57.355000000000004
3,SD005,T1,4,29.898250000000004
3,SD006,T1,1,1751.0
3,SD006,T1,2,1543.2
3,SD006,T1,3,846.5300000000001
3,SD006,T1,4,389.3395000000001
3,SD007,T1,1,540.0
3,SD007,T1,2,460.75
3,SD007,T1,3,262.8625
3,SD007,T1,4,133.316875
3,SD008,T1,1,126.0
3,SD008,T1,2,106.15
3,SD008,T1,3,60.77250000000001
3,SD008,T1,4,30.743375000000004
3,SD009,T1,1,4821.715122306053
3,SD009,T1,2,4087.4933172683286
3,SD009,T1,3,2356.595802627973
3,SD009,T1,4,1219.7972364030943
3,SD010,T1,1,961.0
3,SD010,T1,2,784.4000000000001
3,SD010,T1,3,473.76000000000005
3,SD010,T1,4,269.504
3,SD011,T1,1,723.0
3,SD011,T1,2,619.7
3,SD011,T1,3,351.505
3,SD011,T1,4,176.12075
4,SD001,T1,1,1179.0
4,SD001,T1,2,1003.1
4,SD001,T1,3,575.365
4,SD001,T1,4,294.48975
4,SD002,T1,1,349.0000618142203
4,SD002,T1,2,293.09998454644494
4,SD002,T1,3,170.86499582754016
4,SD002,T1,4,90.21474823056795
4,SD003,T1,1,288.0
4,SD003,T1,2,237.7
4,SD003,T1,3,140.95499999999998
4,SD003,T1,4,77.33825
4,SD004,T1,1,4150.505790658557
4,SD004,T1,2,3403.8781848622066
4,SD004,T1,3,2045.2093335256818
4,SD004,T1,4,1151.1926834419712
4,SD005,T1,1,125.0
4,SD005,T1,2,104.5
4,SD005,T1,3,60.675000000000004
4,SD005,T1,4,32.22625
4,SD006,T1,1,1879.0
4,SD006,T1,2,1648.4
4,SD006,T1,3,909.6100000000001
4,SD006,T1,4,425.57150000000007
4,SD007,T1,1,576.0
4,SD007,T1,2,490.15
4,SD007,T1,3,280.6225
4,SD007,T1,4,143.42087500000002
4,SD008,T1,1,134.0
4,SD008,T1,2,113.35
4,SD008,T1,3,64.6525
4,SD008,T1,4,33.29537500000001
4,SD009,T1,1,5143.516871363327
4,SD009,T1,2,4348.08427924983
4,SD009,T1,3,2514.645234000972
4,SD009,T1,4,1310.7829163216013
4,SD010,T1,1,1017.0
4,SD010,T1,2,830.8
4,SD010,T1,3,501.32
4,SD010,T1,4,284.528
4,SD011,T1,1,772.0
4,SD011,T1,2,659.3
4,SD011,T1,3,376.34499999999997
4,SD011,T1,4,190.05674999999997
5,SD001,T1,1,408.0
5,SD001,T1,2,372.70000000000005
5,SD001,T1,3,195.205
5,SD001,T1,4,78.42575000000001
5,SD002,T1,1,129.0
5,SD002,T1,2,113.1
5,SD002,T1,3,61.865
5,SD002,T1,4,28.61475
5,SD003,T1,1,115.0
5,SD003,T1,2,96.5
5,SD003,T1,3,55.475
5,SD003,T1,4,29.146250000000002
5,SD004,T1,1,785.3422757366352
5,SD004,T1,2,903.0382516551495
5,SD004,T1,3,348.7597618297583
5,SD005,T1,1,47.0
5,SD005,T1,2,40.3
5,SD005,T1,3,21.995
5,SD005,T1,4,9.754249999999999
5,SD006,T1,1,541.0
5,SD006,T1,2,555.1999999999999
5,SD006,T1,3,249.32999999999996
5,SD006,T1,4,49.459500000000006
5,SD007,T1,1,198.00001843993766
5,SD007,T1,2,181.94999539001554
5,SD007,T1,3,94.34249875530419
5,SD007,T1,4,36.90887447215678
5,SD008,T1,1,47.0
5,SD008,T1,2,42.55
5,SD008,T1,3,22.3325
5,SD008,T1,4,9.367375
5,SD009,T1,1,1707.1745307908764
5,SD009,T1,2,1576.995991934982
5,SD009,T1,3,814.4779376461419
5,SD009,T1,4,316.0430478679299
5,SD010,T1,1,427.0
5,SD010,T1,2,348.8
5,SD010,T1,3,210.52
5,SD010,T1,4,119.20800000000001
5,SD011,T1,1,260.0
5,SD011,T1,2,241.5
5,SD011,T1,3,123.22500000000001
5,SD011,T1,4,45.808749999999996
6,SD001,T1,1,528.0
6,SD001,T1,2,470.70000000000005
6,SD001,T1,3,254.40500000000003
6,SD001,T1,4,112.10575000000001
6,SD002,T1,1,163.0
6,SD002,T1,2,140.7
6,SD002,T1,3,78.905
6,SD002,T1,4,38.43075
6,SD003,T1,1,142.0
6,SD003,T1,2,118.30000000000001
6,SD003,T1,3,69.19500000000001
6,SD003,T1,4,36.63425000000001
6,SD004,T1,1,2078.501334926499
6,SD004,T1,2,1715.2757342095745
6,SD004,T1,3,1022.0169608483608
6,SD004,T1,4,566.2618781575975
6,SD005,T1,1,59.0
6,SD005,T1,2,50.1
6,SD005,T1,3,27.915000000000003
6,SD005,T1,4,13.122250000000001
6,SD006,T1,1,749.0
6,SD006,T1,2,725.4
6,SD006,T1,3,352.40999999999997
6,SD006,T1,4,108.69150000000002
6,SD007,T1,1,257.0000284686198
6,SD007,T1,2,229.549992882845
6,SD007,T1,3,123.38249807836814
6,SD007,T1,4,53.52487418508576
6,SD008,T1,1,61.0
6,SD008,T1,2,53.150000000000006
6,SD008,T1,3,28.572500000000005
6,SD008,T1,4,12.863375000000001
6,SD009,T1,1,2301.318027260895
6,SD009,T1,2,2040.5249149934923
6,SD009,T1,3,1110.6218495164267
6,SD009,T1,4,501.58991435410576
6,SD010,T1,1,519.0
6,SD010,T1,2,423.6
6,SD010,T1,3,255.44000000000003
6,SD010,T1,4,145.17600000000002
6,SD011,T1,1,340.0
6,SD011,T1,2,306.5
6,SD011,T1,3,163.22500000000002
6,SD011,T1,4,68.80875
7,SD001,T1,1,892.0
7,SD001,T1,2,768.3
7,SD001,T1,3,433.445
7,SD001,T1,4,213.72175000000001
7,SD002,T1,1,267.000047088371
7,SD002,T1,2,226.29998822790728
7,SD002,T1,3,130.14499682153496
7,SD002,T1,4,66.92674865209538
7,SD003,T1,1,224.0
7,SD003,T1,2,185.10000000000002
7,SD003,T1,3,109.915
7,SD003,T1,4,59.922250000000005
7,SD004,T1,1,3235.201741763178
7,SD004,T1,2,2657.960957969748
7,SD004,T1,3,1593.1849274888925
7,SD004,T1,4,892.7685011447244
7,SD005,T1,1,96.0
7,SD005,T1,2,80.9
7,SD005,T1,3,46.23500000000001
7,SD005,T1,4,23.450250000000004
7,SD006,T1,1,1379.0
7,SD006,T1,2,1240.4
7,SD006,T1,3,663.4100000000001
7,SD006,T1,4,285.09150000000005
7,SD007,T1,1,435.0
7,SD007,T1,2,374.75
7,SD007,T1,3,211.4625
7,SD007,T1,4,103.75687500000001
7,SD008,T1,1,102.0
7,SD008,T1,2,86.55000000000001
7,SD008,T1,3,48.932500000000005
7,SD008,T1,4,24.007375000000003
7,SD009,T1,1,3887.8951733399012
7,SD009,T1,2,3329.4423453369454
7,SD009,T1,3,1895.1191798034974
7,SD009,T1,4,954.0870153067315
7,SD010,T1,1,797.0
7,SD010,T1,2,650.8
7,SD010,T1,3,392.32
7,SD010,T1,4,222.928
7,SD011,T1,1,581.0
7,SD011,T1,2,503.9
7,SD011,T1,3,282.185
7,SD011,T1,4,136.39275
8,SD001,T1,1,762.0
8,SD001,T1,2,662.3
8,SD001,T1,3,370.045
8,SD001,T1,4,178.36175
8,SD002,T1,1,230.0
8,SD002,T1,2,195.5
8,SD002,T1,3,111.825
8,SD002,T1,4,56.59875
8,SD003,T1,1,194.0
8,SD003,T1,2,161.10000000000002
8,SD003,T1,3,95.31500000000001
8,SD003,T1,4,52.08225
8,SD004,T1,1,2821.805801208008
8,SD004,T1,2,2321.243190664404
8,SD004,T1,3,1388.749089143264
8,SD004,T1,4,776.2649013999929
8,SD005,T1,1,83.0
8,SD005,T1,2,69.7
8,SD005,T1,3,39.755
8,SD005,T1,4,19.85825
8,SD006,T1,1,1154.0
8,SD006,T1,2,1056.4
8,SD006,T1,3,551.8100000000001
8,SD006,T1,4,221.45150000000007
8,SD007,T1,1,371.00004043272406
8,SD007,T1,2,323.14998989181896
8,SD007,T1,3,179.8224972707911
8,SD007,T1,4,86.10087384261327
8,SD008,T1,1,87.0
8,SD008,T1,2,74.55000000000001
8,SD008,T1,3,42.13250000000001
8,SD008,T1,4,20.287375000000004
8,SD009,T1,1,3320.6765187252427
8,SD009,T1,2,2868.0220852988837
8,SD009,T1,3,1614.357746221192
8,SD009,T1,4,791.6721388754726
8,SD010,T1,1,698.0
8,SD010,T1,2,569.2
8,SD010,T1,3,343.68000000000006
8,SD010,T1,4,195.47200000000004
8,SD011,T1,1,495.0
8,SD011,T1,2,433.5
8,SD011,T1,3,239.025
8,SD011,T1,4,112.12875
9,SD001,T1,1,847.0
9,SD001,T1,2,731.3
9,SD001,T1,3,411.645
9,SD001,T1,4,202.00175000000002
9,SD002,T1,1,255.0
9,SD002,T1,2,215.5
9,SD002,T1,3,123.825
9,SD002,T1,4,63.39875
9,SD003,T1,1,214.0
9,SD003,T1,2,177.10000000000002
9,SD003,T1,3,104.71500000000002
9,SD003,T1,4,56.84225000000001
9,SD004,T1,1,3094.3856222364852
9,SD004,T1,2,2543.512092230067
9,SD004,T1,3,1524.1503438409286
9,SD004,T1,4,853.9062613046017
9,SD005,T1,1,91.0
9,SD005,T1,2,76.9
9,SD005,T1,3,43.635000000000005
9,SD005,T1,4,22.410250000000005
9,SD006,T1,1,1303.0
9,SD006,T1,2,1178.0
9,SD006,T1,3,625.45
9,SD006,T1,4,263.9075
9,SD007,T1,1,413.0000448155643
9,SD007,T1,2,356.949988796109
9,SD007,T1,3,200.34249697494943
9,SD007,T1,4,97.30887371715448
9,SD008,T1,1,96.0
9,SD008,T1,2,82.15
9,SD008,T1,3,46.17250000000001
9,SD008,T1,4,22.903375000000004
9,SD009,T1,1,3694.414434408564
9,SD009,T1,2,3172.5279389247103
9,SD009,T1,3,1799.2656863225604
9,SD009,T1,4,898.6861680021308
9,SD010,T1,1,763.0
9,SD010,T1,2,623.2
9,SD010,T1,3,376.28000000000003
9,SD010,T1,4,213.51200000000003
9,SD011,T1,1,551.0
9,SD011,T1,2,478.9
9,SD011,T1,3,267.185
9,SD011,T1,4,128.39275
10,SD001,T1,1,626.0
10,SD001,T1,2,550.9
10,SD001,T1,3,302.485
10,SD001,T1,4,139.33775000000003
10,SD002,T1,1,191.0
10,SD002,T1,2,163.9
10,SD002,T1,3,92.185
10,SD002,T1,4,45.74275
10,SD003,T1,1,164.0
10,SD003,T1,2,136.10000000000002
10,SD003,T1,3,80.31500000000001
10,SD003,T1,4,43.08225
10,SD004,T1,1,2390.3046605889595
10,SD004,T1,2,1969.2675633239278
10,SD004,T1,3,1176.177231763621
10,SD004,T1,4,654.474873772213
10,SD005,T1,1,69.0
10,SD005,T1,2,59.1
10,SD005,T1,3,33.515
10,SD005,T1,4,16.36225
10,SD006,T1,1,919.0
10,SD006,T1,2,864.4
10,SD006,T1,3,436.01
10,SD006,T1,4,156.13150000000002
10,SD007,T1,1,305.0
10,SD007,T1,2,268.75003208050623
10,SD007,T1,3,147.06249197987347
10,SD007,T1,4,66.9968728345658
10,SD008,T1,1,72.0
10,SD008,T1,2,62.55
10,SD008,T1,3,34.332499999999996
10,SD008,T1,4,16.167375
10,SD009,T1,1,2728.009187236741
10,SD009,T1,2,2387.355052980208
10,SD009,T1,3,1321.757392203565
10,SD009,T1,4,623.385128246609
10,SD010,T1,1,594.0
10,SD010,T1,2,484.6
10,SD010,T1,3,292.84000000000003
10,SD010,T1,4,166.13600000000002
10,SD011,T1,1,405.0
10,SD011,T1,2,359.5
10,SD011,T1,3,194.425
10,SD011,T1,4,86.28875
11,SD001,T1,1,1155.0
11,SD001,T1,2,983.5
11,SD001,T1,3,563.5250000000001
11,SD001,T1,4,287.7537500000001
11,SD002,T1,1,343.0000605902417
11,SD002,T1,2,287.69998485243957
11,SD002,T1,3,167.7049959101587
11,SD002,T1,4,88.95074826560435
11,SD003,T1,1,283.0
11,SD003,T1,2,233.7
11,SD003,T1,3,138.35500000000002
11,SD003,T1,4,76.29825000000001
11,SD004,T1,1,4074.059509418716
11,SD004,T1,2,3342.232730180294
11,SD004,T1,3,2007.4116887654664
11,SD004,T1,4,1129.9377886855082
11,SD005,T1,1,123.0
11,SD005,T1,2,102.7
11,SD005,T1,3,59.955000000000005
11,SD005,T1,4,31.938250000000004
11,SD006,T1,1,1837.0
11,SD006,T1,2,1613.6
11,SD006,T1,3,888.69
11,SD006,T1,4,413.2035000000001
11,SD007,T1,1,564.0
11,SD007,T1,2,480.35
11,SD007,T1,3,274.7025
11,SD007,T1,4,140.052875
11,SD008,T1,1,131.0
11,SD008,T1,2,111.15
11,SD008,T1,3,63.77250000000001
11,SD008,T1,4,32.943375
11,SD009,T1,1,5038.613487808546
11,SD009,T1,2,4262.8374182947
11,SD009,T1,3,2462.951682258051
11,SD009,T1,4,1281.5261532549464
11,SD010,T1,1,999.0
11,SD010,T1,2,815.6
11,SD010,T1,3,492.24
11,SD010,T1,4,279.896
11,SD011,T1,1,756.0
11,SD011,T1,2,645.9000000000001
11,SD011,T1,3,367.98500000000007
11,SD011,T1,4,185.71275000000003
12,SD001,T1,1,1116.0
12,SD001,T1,2,950.9000000000001
12,SD001,T1,3,544.4850000000001
12,SD001,T1,4,277.1377500000001
12,SD002,T1,1,331.00005857745043
12,SD002,T1,2,277.89998535563734
12,SD002,T1,3,161.7849960460221
12,SD002,T1,4,85.58274832322047
12,SD003,T1,1,274.0
12,SD003,T1,2,226.10000000000002
12,SD003,T1,3,134.315
12,SD003,T1,4,73.68225
12,SD004,T1,1,3949.336941505921
12,SD004,T1,2,3240.2353178282565
12,SD004,T1,3,1945.386921351903
12,SD004,T1,4,1093.9079501116262
12,SD005,T1,1,119.0
12,SD005,T1,2,99.1
12,SD005,T1,3,57.515
12,SD005,T1,4,29.96225
12,SD006,T1,1,1769.0
12,SD006,T1,2,1558.4
12,SD006,T1,3,855.6100000000001
12,SD006,T1,4,394.9715000000001
12,SD007,T1,1,545.0
12,SD007,T1,2,464.75
12,SD007,T1,3,265.4625
12,SD007,T1,4,134.356875
12,SD008,T1,1,127.0
12,SD008,T1,2,107.55000000000001
12,SD008,T1,3,61.33250000000001
12,SD008,T1,4,30.967375000000004
12,SD009,T1,1,4867.5317452667505
12,SD009,T1,2,4123.942459896713
12,SD009,T1,3,2378.430654354545
12,SD009,T1,4,1232.779736707385
12,SD010,T1,1,969.0
12,SD010,T1,2,790.6
12,SD010,T1,3,477.24
12,SD010,T1,4,270.896
12,SD011,T1,1,730.0
12,SD011,T1,2,625.5
12,SD011,T1,3,355.82500000000005
12,SD011,T1,4,178.84875
13,SD001,T1,1,873.0
13,SD001,T1,2,752.7
13,SD001,T1,3,424.20500000000004
13,SD001,T1,4,209.02575000000002
13,SD002,T1,1,262.0
13,SD002,T1,2,221.3
13,SD002,T1,3,127.14500000000001
13,SD002,T1,4,65.72675000000001
13,SD003,T1,1,219.0
13,SD003,T1,2,181.10000000000002
13,SD003,T1,3,107.31500000000001
13,SD003,T1,4,58.88225000000001
13,SD004,T1,1,3174.847556080987
13,SD004,T1,2,2608.766155844543
13,SD004,T1,3,1563.3963236131258
13,SD004,T1,4,875.7452543274009
13,SD005,T1,1,94.0
13,SD005,T1,2,79.1
13,SD005,T1,3,45.515
13,SD005,T1,4,23.16225
13,SD006,T1,1,1346.0
13,SD006,T1,2,1213.1999999999998
13,SD006,T1,3,646.53
13,SD006,T1,4,275.33950000000004
13,SD007,T1,1,426.0000461026215
13,SD007,T1,2,367.1499884743446
13,SD007,T1,3,206.42249688807303
13,SD007,T1,4,100.74087368031246
13,SD008,T1,1,99.0
13,SD008,T1,2,84.35
13,SD008,T1,3,48.0525
13,SD008,T1,4,23.655375000000003
13,SD009,T1,1,3804.3845761141247
13,SD009,T1,2,3260.8115168627687
13,SD009,T1,3,1853.1947867807714
13,SD009,T1,4,929.8574700670453
13,SD010,T1,1,782.0
13,SD010,T1,2,638.8
13,SD010,T1,3,385.52
13,SD010,T1,4,219.208
13,SD011,T1,1,568.0
13,SD011,T1,2,492.70000000000005
13,SD011,T1,3,275.70500000000004
13,SD011,T1,4,132.80075000000002
14,SD001,T1,1,1256.0
14,SD001,T1,2,1065.9
14,SD001,T1,3,613.4850000000001
14,SD001,T1,4,316.73775000000006
14,SD002,T1,1,371.0000657295526
14,SD002,T1,2,310.8999835676118
14,SD002,T1,3,180.98499556325518
14,SD002,T1,4,96.26274811849154
14,SD003,T1,1,305.0
14,SD003,T1,2,251.5
14,SD003,T1,3,149.47500000000002
14,SD003,T1,4,82.74625000000002
14,SD004,T1,1,4394.9174371904555
14,SD004,T1,2,3602.854590454751
14,SD004,T1,3,2165.2410353039177
14,SD004,T1,4,1219.635034066412
14,SD005,T1,1,133.0
14,SD005,T1,2,110.7
14,SD005,T1,3,64.155
14,SD005,T1,4,33.61825
14,SD006,T1,1,2011.0
14,SD006,T1,2,1756.2
14,SD006,T1,3,974.73
14,SD006,T1,4,462.6195000000001
14,SD007,T1,1,613.0
14,SD007,T1,2,520.95
14,SD007,T1,3,298.9425
14,SD007,T1,4,153.748875
14,SD008,T1,1,142.0
14,SD008,T1,2,119.55000000000001
14,SD008,T1,3,69.13250000000001
14,SD008,T1,4,36.08737500000001
14,SD009,T1,1,5477.537525054552
14,SD009,T1,2,4619.595638780003
14,SD009,T1,3,2680.131232091549
14,SD009,T1,4,1406.809852025099
14,SD010,T1,1,1076.0
14,SD010,T1,2,878.4000000000001
14,SD010,T1,3,530.3600000000001
14,SD010,T1,4,301.14400000000006
14,SD011,T1,1,822.0
14,SD011,T1,2,700.3
14,SD011,T1,3,400.745
14,SD011,T1,4,203.81674999999998
15,SD001,T1,1,1003.0
15,SD001,T1,2,858.7
15,SD001,T1,3,488.605
15,SD001,T1,4,245.78575
15,SD002,T1,1,299.0000528045309
15,SD002,T1,2,252.0999867988673
15,SD002,T1,3,145.4649964356942
15,SD002,T1,4,76.05474848847031
15,SD003,T1,1,249.0
15,SD003,T1,2,205.10000000000002
15,SD003,T1,3,121.91500000000002
15,SD003,T1,4,66.72225000000002
15,SD004,T1,1,3591.262789381436
15,SD004,T1,2,2947.69453415979
15,SD004,T1,3,1768.722435345615
15,SD004,T1,4,993.6108356562206
15,SD005,T1,1,107.0
15,SD005,T1,2,90.30000000000001
15,SD005,T1,3,51.995000000000005
15,SD005,T1,4,26.754250000000003
15,SD006,T1,1,1573.0
15,SD006,T1,2,1399.0
15,SD006,T1,3,758.85
15,SD006,T1,4,339.26750000000004
15,SD007,T1,1,490.0
15,SD007,T1,2,419.75
15,SD007,T1,3,238.4625
15,SD007,T1,4,119.556875
15,SD008,T1,1,114.0
15,SD008,T1,2,96.35
15,SD008,T1,3,54.8525
15,SD008,T1,4,27.375375000000002
15,SD009,T1,1,4375.685514030906
15,SD009,T1,2,3724.8770327169987
15,SD009,T1,3,2136.0400362214577
15,SD009,T1,4,1093.1309178217402
15,SD010,T1,1,883.0
15,SD010,T1,2,720.2
15,SD010,T1,3,435.08000000000004
15,SD010,T1,4,247.03200000000004
15,SD011,T1,1,655.0
15,SD011,T1,2,563.5
15,SD011,T1,3,318.025
15,SD011,T1,4,156.72875
16,SD001,T1,1,625.0
16,SD001,T1,2,549.5
16,SD001,T1,3,301.925
16,SD001,T1,4,139.11375
16,SD002,T1,1,191.0
16,SD002,T1,2,163.9
16,SD002,T1,3,92.185
16,SD002,T1,4,45.74275
16,SD003,T1,1,164.0
16,SD003,T1,2,136.10000000000002
16,SD003,T1,3,80.31500000000001
16,SD003,T1,4,43.08225
16,SD004,T1,1,2385.2777235483813
16,SD004,T1,2,1965.2527479516098
16,SD004,T1,3,1173.5628877895133
16,SD004,T1,4,653.420937220844
16,SD005,T1,1,69.0
16,SD005,T1,2,58.1
16,SD005,T1,3,33.115
16,SD005,T1,4,16.202250000000003
16,SD006,T1,1,916.0
16,SD006,T1,2,862.2
16,SD006,T1,3,435.13
16,SD006,T1,4,155.77950000000004
16,SD007,T1,1,304.0
16,SD007,T1,2,268.35003201352407
16,SD007,T1,3,146.90249199661906
16,SD007,T1,4,66.93287283908717
16,SD008,T1,1,72.0
16,SD008,T1,2,62.55
16,SD008,T1,3,34.332499999999996
16,SD008,T1,4,16.167375
16,SD009,T1,1,2721.8943011167953
16,SD009,T1,2,2382.8918656142373
16,SD009,T1,3,1318.9362153446934
16,SD009,T1,4,621.221689040302
16,SD010,T1,1,593.0
16,SD010,T1,2,484.20000000000005
16,SD010,T1,3,291.68000000000006
16,SD010,T1,4,165.67200000000003
16,SD011,T1,1,404.0
16,SD011,T1,2,359.1
16,SD011,T1,3,194.26500000000001
16,SD011,T1,4,86.22475
17,SD001,T1,1,970.0
17,SD001,T1,2,831.5
17,SD001,T1,3,471.725
17,SD001,T1,4,236.03375000000003
17,SD002,T1,1,290.0000510789407
17,SD002,T1,2,244.49998723026482
17,SD002,T1,3,141.42499655217148
17,SD002,T1,4,73.43874853786532
17,SD003,T1,1,241.0
17,SD003,T1,2,198.9
17,SD003,T1,3,117.435
17,SD003,T1,4,63.93025
17,SD004,T1,1,3483.640689349715
17,SD004,T1,2,2860.552379142344
17,SD004,T1,3,1715.6711670787236
17,SD004,T1,4,963.2009766523091
17,SD005,T1,1,104.0
17,SD005,T1,2,87.1
17,SD005,T1,3,50.714999999999996
17,SD005,T1,4,26.242250000000002
17,SD006,T1,1,1515.0
17,SD006,T1,2,1350.8
17,SD006,T1,3,729.57
17,SD006,T1,4,322.55550000000005
17,SD007,T1,1,473.0
17,SD007,T1,2,405.95000000000005
17,SD007,T1,3,229.94250000000002
17,SD007,T1,4,114.14887500000002
17,SD008,T1,1,110.0
17,SD008,T1,2,93.75
17,SD008,T1,3,52.8125
17,SD008,T1,4,26.559375
17,SD009,T1,1,4229.032265666207
17,SD009,T1,2,3605.817746116414
17,SD009,T1,3,2063.5871814672555
17,SD009,T1,4,1051.3421934490539
17,SD010,T1,1,857.0
17,SD010,T1,2,699.8
17,SD010,T1,3,421.92
17,SD010,T1,4,239.76800000000003
17,SD011,T1,1,633.0
17,SD011,T1,2,545.7
17,SD011,T1,3,306.90500000000003
17,SD011,T1,4,150.28075
18,SD001,T1,1,602.0
18,SD001,T1,2,531.3
18,SD001,T1,3,290.645
18,SD001,T1,4,132.60174999999998
18,SD002,T1,1,184.0
18,SD002,T1,2,158.10000000000002
18,SD002,T1,3,88.86500000000001
18,SD002,T1,4,43.414750000000005
18,SD003,T1,1,158.0
18,SD003,T1,2,131.7
18,SD003,T1,3,77.555
18,SD003,T1,4,41.97825
18,SD004,T1,1,2312.855831250685
18,SD004,T1,2,1906.2207071878765
18,SD004,T1,3,1137.8182301409895
18,SD004,T1,4,632.9946606933229
18,SD005,T1,1,66.0
18,SD005,T1,2,56.900000000000006
18,SD005,T1,3,31.635000000000005
18,SD005,T1,4,15.610250000000004
18,SD006,T1,1,876.0
18,SD006,T1,2,829.2
18,SD006,T1,3,414.93000000000006
18,SD006,T1,4,143.69950000000006
18,SD007,T1,1,293.0
18,SD007,T1,2,258.9500308800645
18,SD007,T1,3,141.14249227998386
18,SD007,T1,4,63.62887291559565
18,SD008,T1,1,69.0
18,SD008,T1,2,60.35
18,SD008,T1,3,33.4525
18,SD008,T1,4,15.815375
18,SD009,T1,1,2622.094936076019
18,SD009,T1,2,2301.7022148418105
18,SD009,T1,3,1269.8980534604802
18,SD009,T1,4,593.0587425523304
18,SD010,T1,1,575.0
18,SD010,T1,2,469.0
18,SD010,T1,3,282.6
18,SD010,T1,4,160.04000000000002
18,SD011,T1,1,388.0
18,SD011,T1,2,345.70000000000005
18,SD011,T1,3,186.90500000000003
18,SD011,T1,4,82.28075000000001
19,SD001,T1,1,1155.0
19,SD001,T1,2,982.5
19,SD001,T1,3,563.125
19,SD001,T1,4,287.59375
19,SD002,T1,1,342.000060570431
19,SD002,T1,2,287.29998485739225
19,SD002,T1,3,167.5449959114959
19,SD002,T1,4,88.88674826617142
19,SD003,T1,1,283.0
19,SD003,T1,2,233.7
19,SD003,T1,3,138.35500000000002
19,SD003,T1,4,76.29825000000001
19,SD004,T1,1,4073.052593151541
19,SD004,T1,2,3340.8289262333474
19,SD004,T1,3,2006.8480058531954
19,SD004,T1,4,1129.7102103817783
19,SD005,T1,1,123.0
19,SD005,T1,2,102.7
19,SD005,T1,3,59.955000000000005
19,SD005,T1,4,31.938250000000004
19,SD006,T1,1,1836.0
19,SD006,T1,2,1613.2
19,SD006,T1,3,888.5300000000001
19,SD006,T1,4,413.13950000000006
19,SD007,T1,1,564.0
19,SD007,T1,2,480.35
19,SD007,T1,3,274.7025
19,SD007,T1,4,140.052875
19,SD008,T1,1,131.0
19,SD008,T1,2,111.15
19,SD008,T1,3,63.77250000000001
19,SD008,T1,4,32.943375
19,SD009,T1,1,5036.583990020991
19,SD009,T1,2,4262.021194511545
19,SD009,T1,3,2462.615974686178
19,SD009,T1,4,1281.3828918371105
19,SD010,T1,1,999.0
19,SD010,T1,2,815.6
19,SD010,T1,3,492.24
19,SD010,T1,4,279.896
19,SD011,T1,1,755.0
19,SD011,T1,2,645.5
19,SD011,T1,3,367.825
19,SD011,T1,4,185.64874999999998
20,SD001,T1,1,838.0
20,SD001,T1,2,723.7
20,SD001,T1,3,406.605
20,SD001,T1,4,198.98575000000002
20,SD002,T1,1,252.0
20,SD002,T1,2,213.3
20,SD002,T1,3,122.94500000000001
20,SD002,T1,4,63.04675
20,SD003,T1,1,211.0
20,SD003,T1,2,174.9
20,SD003,T1,3,102.83500000000001
20,SD003,T1,4,56.09025000000001
20,SD004,T1,1,3063.203251191493
20,SD004,T1,2,2518.0117881553215
20,SD004,T1,3,1507.8932312594702
20,SD004,T1,4,844.3479070851987
20,SD005,T1,1,90.0
20,SD005,T1,2,76.5
20,SD005,T1,3,43.475
20,SD005,T1,4,22.34625
20,SD006,T1,1,1285.0
20,SD006,T1,2,1163.8
20,SD006,T1,3,616.77
20,SD006,T1,4,258.43550000000005
20,SD007,T1,1,408.00004431320485
20,SD007,T1,2,352.94998892169883
20,SD007,T1,3,197.74249700885872
20,SD007,T1,4,96.26887373153454
20,SD008,T1,1,95.0
20,SD008,T1,2,81.75
20,SD008,T1,3,46.0125
20,SD008,T1,4,22.839375
20,SD009,T1,1,3651.636624326227
20,SD009,T1,2,3137.3001433794243
20,SD009,T1,3,1777.9315024537157
20,SD009,T1,4,885.9157485107814
20,SD010,T1,1,756.0
20,SD010,T1,2,617.4000000000001
20,SD010,T1,3,372.96000000000004
20,SD010,T1,4,212.18400000000003
20,SD011,T1,1,545.0
20,SD011,T1,2,474.5
20,SD011,T1,3,264.425
20,SD011,T1,4,126.28875
