site_id,latitude,longitude,facility_type,cap_j,F_j,set,y_j,assigned_casualties,utilisation_pct
S001,37.4263528,37.6865956,school,174,1000.0,JT,1,174.0,100.0
S002,37.5324866,37.0647972,school,174,1000.0,JT,1,174.0,100.0
S003,38.2327478,36.9484701,sports_centre,91,1000.0,JT,1,91.0,100.0
S004,37.7921078,37.4715687,school,174,1000.0,JT,1,174.0,100.0
S005,37.7960883,37.4607513,school,174,1000.0,JT,1,174.0,100.0
S006,38.2243442,36.8857622,school,174,1000.0,JT,1,174.0,100.0
S007,38.2378092,36.9461581,sports_centre,91,1000.0,JT,1,91.0,100.0
S008,38.2564919,36.9171099,sports_centre,91,1000.0,JT,1,91.0,100.0
S014,37.1781602,36.6419938,school,174,1000.0,JT,1,174.0,100.0
S015,37.5763831,36.9285448,university,83,1000.0,JT,1,83.0,100.0
S023,37.6004614,36.8304904,school,174,1000.0,JT,1,174.0,100.0
S024,37.5803958,36.8469223,school,174,1000.0,JT,1,174.0,100.0
S025,37.5801917,36.8472522,school,174,1000.0,JT,1,174.0,100.0
S026,37.585381,36.8790977,school,174,1000.0,JT,1,174.0,100.0
S028,37.7243319,36.7767723,sports_centre,91,1000.0,JT,1,91.0,100.0
S030,37.0921154,36.2678228,school,174,1000.0,JT,1,174.0,100.0
S031,37.5870826,36.8082198,school,174,1000.0,JT,1,174.0,100.0
S032,37.5868318,36.8080897,school,174,1000.0,JT,1,174.0,100.0
S033,37.4439964,37.0184384,school,174,1000.0,JT,1,174.0,100.0
S034,37.4429362,37.0180401,school,174,1000.0,JT,1,174.0,100.0
S035,37.443217,37.0161603,school,174,1000.0,JT,1,174.0,100.0
S051,37.5852368,36.8285228,stadium,502,1000.0,JT,1,502.0,100.0
S059,37.1425941,37.30072,school,174,1000.0,JT,1,174.0,100.0
S064,37.64598880001152,37.49616559990985,school,30,1000.0,JT,1,30.0,100.0
S065,38.23747659833057,36.93925116398011,school,44,1000.0,JT,1,44.0,100.0
S066,38.236900508794776,36.939329242718735,school,30,1000.0,JT,1,30.0,100.0
S067,38.23714259993321,36.93975359970754,school,30,1000.0,JT,1,30.0,100.0
S068,38.241754130047525,36.89694741151252,school,30,1000.0,JT,1,30.0,100.0
S070,38.46757834996959,37.00437159998405,school,30,1000.0,JT,1,30.0,100.0
S071,37.41002696510422,36.20941482209182,school,100,1000.0,JT,1,100.0,100.0
S073,37.58720857181624,36.82149234387787,university,2000,1000.0,JT,1,2000.0,100.0
S074,37.58920810937042,36.917462631636326,sports_centre,954,1000.0,JT,1,954.0,100.0
S076,37.0823344844973,37.440414759458335,school,196,1000.0,JT,1,196.0,100.0
S077,38.22426245870575,36.8856046451826,school,61,1000.0,JT,1,61.0,100.0
S078,38.24123809619164,36.90723135570775,school,90,1000.0,JT,1,90.0,100.0
S079,38.2491524369667,36.913343296348046,school,30,1000.0,JT,1,30.0,100.0
S080,38.24899600005919,36.91383149999379,school,30,1000.0,JT,1,30.0,100.0
S081,38.245903383765565,36.90138758168344,school,30,1000.0,JT,1,30.0,100.0
S082,38.246143104515234,36.91727985238641,school,95,1000.0,JT,1,95.0,100.0
S083,38.25680597821672,36.91710616665987,sports_centre,47,1000.0,JT,1,47.0,100.0
S086,37.38667037121038,36.85251969539466,school,31,1000.0,JT,1,31.0,100.0
S096,37.03541143050559,37.31139737416412,university,2000,1000.0,JT,1,2000.0,100.0
S101,38.15150401353808,36.87478440019183,school,30,1000.0,JT,1,30.0,100.0
S103,36.93685953102661,36.97220466845338,school,191,1000.0,JT,1,191.0,100.0
S108,37.59418717124921,36.88095786045909,school,312,1000.0,JT,1,312.0,100.0
S109,37.582274460786266,36.902329887395645,school,177,1000.0,JT,1,177.0,100.0
S111,37.56879135865075,36.9339953733067,school,808,1000.0,JT,1,808.0,100.0
S112,37.58132694760811,36.9116927232894,school,244,1000.0,JT,1,244.0,100.0
S114,37.10131582445896,37.32245837328544,school,215,1000.0,JT,1,215.0,100.0
S115,37.100891666264765,37.32330652862953,school,252,1000.0,JT,1,252.0,100.0
S116,37.101486705339205,37.323403506374525,school,106,1000.0,JT,1,106.0,100.0
S117,37.035871962805125,37.327285814846384,school,353,1000.0,JT,1,353.0,100.0
S122,38.20759393626051,37.23486840567272,school,623,1000.0,JT,1,623.0,100.0
S124,38.21247233855199,37.18039156789476,school,200,1000.0,JT,1,200.0,100.0
S125,38.21063781843911,37.19435075515548,school,207,1000.0,JT,1,207.0,100.0
S126,38.21618764253331,37.18496665470914,school,424,1000.0,JT,1,424.0,100.0
S128,37.255027247968215,36.45883684764589,school,1020,1000.0,JT,1,1020.0,100.0
S129,37.2544357847191,36.46058982002258,school,341,1000.0,JT,1,341.0,100.0
S132,37.07082806509492,37.32545454475047,school,322,1000.0,JT,1,322.0,100.0
S133,37.07307426464176,37.3478771588935,school,322,1000.0,JT,1,322.0,100.0
S134,37.07399677530036,37.34792105498122,school,291,1000.0,JT,1,291.0,100.0
S137,37.07087198536016,37.3555617390582,school,191,1000.0,JT,1,191.0,100.0
S139,37.06741013773208,37.35906177841044,school,226,1000.0,JT,1,226.0,100.0
S141,37.06496492471116,37.36548769554768,school,431,1000.0,JT,1,431.0,100.0
S142,37.06522319662828,37.36780950344923,school,302,1000.0,JT,1,302.0,100.0
S146,37.060096715900805,37.366048199043824,school,525,1000.0,JT,1,525.0,100.0
S153,37.25710352445039,36.461340657975306,stadium,500,1000.0,JT,1,500.0,100.0
S154,37.28440495682506,36.78519162926017,sports_centre,721,1000.0,JT,1,721.0,100.0
S155,37.0788233422342,37.35136761610526,school,174,1000.0,JT,1,174.0,100.0
S156,37.078239132560014,37.3512012356655,school,168,1000.0,JT,1,168.0,100.0
S167,37.09875609277096,37.42581701005775,school,166,1000.0,JT,1,166.0,100.0
S168,37.09671291758914,37.42065381605863,school,420,1000.0,JT,1,420.0,100.0
S169,37.10092158544608,37.388727682350606,school,346,1000.0,JT,1,346.0,100.0
S170,37.10528671902633,37.37738200291479,school,286,1000.0,JT,1,286.0,100.0
S171,37.09963749040213,37.37805330236014,school,157,1000.0,JT,1,157.0,100.0
S173,37.08883950528975,37.37378470417303,school,226,1000.0,JT,1,226.0,100.0
S174,37.08853361223157,37.37264540628828,school,186,1000.0,JT,1,186.0,100.0
S175,37.08668299495532,37.3762963752824,school,240,1000.0,JT,1,240.0,100.0
S184,37.07808689707653,37.41825212403892,school,254,1000.0,JT,1,254.0,100.0
S185,37.07445831076067,37.418804860236925,school,229,1000.0,JT,1,229.0,100.0
S189,37.07555601810459,37.411738296554105,stadium,489,1000.0,JT,1,489.0,100.0
S250,37.09417573149881,37.426923606103706,school,216,1000.0,JT,1,216.0,100.0
S251,37.09192759828488,37.43332395761788,school,155,1000.0,JT,1,155.0,100.0
S252,37.09139831841781,37.43349042846139,school,156,1000.0,JT,1,156.0,100.0
S258,37.0901476672147,37.39010642258352,school,220,1000.0,JT,1,220.0,100.0
S262,37.58343581286321,36.97793504585373,school,286,1000.0,JT,1,286.0,100.0
S263,37.58443744045425,36.97769649612324,school,517,1000.0,JT,1,517.0,100.0
S264,37.57644182888681,36.964759112695496,school,153,1000.0,JT,1,153.0,100.0
S277,37.0465574571339,37.325845205248335,school,326,1000.0,JT,1,326.0,100.0
S279,38.26007202467697,36.21819818916845,school,98,1000.0,JT,1,98.0,100.0
S284,37.09726068054727,37.33338569617446,school,307,1000.0,JT,1,307.0,100.0
S285,37.08994266034063,37.33005915593416,school,180,1000.0,JT,1,180.0,100.0
S286,37.08267582937892,37.33077986889595,school,213,1000.0,JT,1,213.0,100.0
S287,37.07636891470394,37.32714177746181,school,210,1000.0,JT,1,210.0,100.0
S288,37.09538304411114,37.33719169675975,school,147,1000.0,JT,1,147.0,100.0
S290,37.0380604536748,37.325672782121934,school,385,1000.0,JT,1,385.0,100.0
S297,37.31261951495169,37.56841455422212,stadium,339,1000.0,JT,1,339.0,100.0
S298,37.08378225756216,37.33754918685079,school,204,1000.0,JT,1,204.0,100.0
S299,37.08929673748558,37.3388568545623,school,155,1000.0,JT,1,155.0,100.0
S300,37.08958715056516,37.33826128083392,school,221,1000.0,JT,1,221.0,100.0
S301,37.09948654279259,37.384245435203965,school,149,1000.0,JT,1,149.0,100.0
S302,37.08205442753964,37.34219821019712,school,178,1000.0,JT,1,178.0,100.0
S303,37.07951223891338,37.34135061215284,school,200,1000.0,JT,1,200.0,100.0
S304,37.078278083971774,37.33921525855577,school,235,1000.0,JT,1,235.0,100.0
S305,37.07954297681568,37.33562008830167,school,157,1000.0,JT,1,157.0,100.0
S309,37.08158908820999,37.34834206450629,school,150,1000.0,JT,1,150.0,100.0
S310,37.07384107119218,37.33123597340416,school,246,1000.0,JT,1,246.0,100.0
S313,37.076901601838365,37.34539587015469,school,254,1000.0,JT,1,254.0,100.0
S317,37.07076022386395,37.34670168424462,school,174,1000.0,JT,1,174.0,100.0
S318,37.06689671637476,37.34331124569811,school,1209,1000.0,JT,1,1209.0,100.0
S323,37.05824935392416,37.3242782685382,school,210,1000.0,JT,1,210.0,100.0
S334,37.07771296679853,37.3301885659563,school,351,1000.0,JT,1,351.0,100.0
S347,37.05946587833006,37.33594945411548,school,197,1000.0,JT,1,197.0,100.0
S349,37.07519162439287,37.36124567027228,school,201,1000.0,JT,1,201.0,100.0
S354,38.29342519218062,37.15710583302313,school,2000,1000.0,JT,1,2000.0,100.0
S355,37.09329091598957,37.421762314604685,school,207,1000.0,JT,1,207.0,100.0
S356,37.09876497693136,37.43288880704908,school,159,1000.0,JT,1,159.0,100.0
S357,37.079098229155605,37.39419346163561,school,195,1000.0,JT,1,195.0,100.0
S359,37.09051887522239,37.42664047482677,school,389,1000.0,JT,1,389.0,100.0
S362,37.07421672281115,37.41104467665148,school,263,1000.0,JT,1,263.0,100.0
S368,37.14635470481273,37.30212836916651,school,142,1000.0,JT,1,142.0,100.0
S371,37.08940641387741,37.34801186172003,school,1601,1000.0,JT,1,1601.0,100.0
S372,37.090794726047655,37.343515369458494,university,814,1000.0,JT,1,814.0,100.0
S376,37.05128757418828,37.34323437478367,school,321,1000.0,JT,1,321.0,100.0
S378,37.1326840384081,37.41955505142164,school,445,1000.0,JT,1,445.0,100.0
S379,37.12855244165892,37.42626140633884,school,296,1000.0,JT,1,296.0,100.0
S389,37.13219579224207,36.54446720631331,school,157,1000.0,JT,1,157.0,100.0
S390,37.58677729619038,36.8894969721504,school,368,1000.0,JT,1,368.0,100.0
S391,37.58901072343652,36.887979782629984,school,387,1000.0,JT,1,387.0,100.0
S392,37.59315422493832,36.85436516217311,school,515,1000.0,JT,1,515.0,100.0
S393,37.59829899931964,36.83850879391991,school,1151,1000.0,JT,1,1151.0,100.0
S394,37.59780894345309,36.84176289625301,school,430,1000.0,JT,1,430.0,100.0
S395,37.87952700646411,36.62512243363256,school,272,1000.0,JT,1,272.0,100.0
S396,37.25203807114227,37.74327949652821,school,114,1000.0,JT,1,114.0,100.0
S397,37.23755331034371,37.52887706244322,school,174,1000.0,JT,1,174.0,100.0
S398,37.22156167514596,37.40304384484623,school,267,1000.0,JT,1,267.0,100.0
S399,37.25404220912881,37.423000770626,school,46,1000.0,JT,1,46.0,100.0
S400,37.24755400738458,37.458497281138015,school,71,1000.0,JT,1,71.0,100.0
S401,37.09816120141046,37.42036993846932,school,269,1000.0,JT,1,269.0,100.0
S402,37.361927135749454,36.23045237347858,school,39,1000.0,JT,1,39.0,100.0
S403,37.46544206710562,36.22457669808832,school,30,1000.0,JT,1,30.0,100.0
S406,37.57062298583258,36.95163505041531,school,123,1000.0,JT,1,123.0,100.0
S407,37.60009562831025,36.87179871733437,school,224,1000.0,JT,1,224.0,100.0
S408,37.59868655256384,36.86844318710703,school,319,1000.0,JT,1,319.0,100.0
S410,37.08787885888972,37.39424594784502,school,332,1000.0,JT,1,332.0,100.0
S412,37.094560458191616,37.37157061300466,school,181,1000.0,JT,1,181.0,100.0
S433,37.035849224012274,37.317267137734966,stadium,440,1000.0,JT,1,440.0,100.0
S442,37.12599152367888,37.40433650445056,school,276,1000.0,JT,1,276.0,100.0
S443,37.12683949483802,37.40431862367623,school,244,1000.0,JT,1,244.0,100.0
S446,38.181669737343945,37.210162748464406,school,159,1000.0,JT,1,159.0,100.0
S447,38.091584585620886,36.82021173964753,school,131,1000.0,JT,1,131.0,100.0
S448,37.59634717363265,36.86490732258669,school,318,1000.0,JT,1,318.0,100.0
S451,37.12395574478411,37.38253848905446,stadium,1105,1000.0,JT,1,1105.0,100.0
S452,38.24026061572307,36.93857202885425,school,360,1000.0,JT,1,360.0,100.0
S453,38.23983687940577,36.93750707073082,school,208,1000.0,JT,1,208.0,100.0
S454,38.20563220511672,37.206119758204544,school,198,1000.0,JT,1,198.0,100.0
S455,38.188352544067314,37.19626586772837,school,176,1000.0,JT,1,176.0,100.0
S457,37.02542338511745,37.288626107506005,school,707,1000.0,JT,1,707.0,100.0
S458,37.02557825222727,37.291998975469646,university,542,1000.0,JT,1,542.0,100.0
S460,37.01369934838569,37.29525014708534,school,386,1000.0,JT,1,386.0,100.0
S461,37.53931889537067,37.00425493921394,school,192,1000.0,JT,1,192.0,100.0
S462,37.570575948943016,36.91347158956848,school,348,1000.0,JT,1,348.0,100.0
S463,37.52006826918773,36.91701112031952,school,318,1000.0,JT,1,318.0,100.0
S464,37.08640734018534,37.36023931003224,school,177,1000.0,JT,1,177.0,100.0
S467,37.58068597258355,36.88227911960208,school,93,1000.0,JT,1,93.0,100.0
S468,37.57888410775308,36.89532555091417,school,258,1000.0,JT,1,258.0,100.0
S469,37.58184890871997,36.90634725597544,school,249,1000.0,JT,1,249.0,100.0
S470,37.584659262962326,36.89077168183083,school,159,1000.0,JT,1,159.0,100.0
S471,37.58567590358308,36.90335162226128,school,469,1000.0,JT,1,469.0,100.0
S472,37.58559173757532,36.90223720813388,school,92,1000.0,JT,1,92.0,100.0
S473,37.58237158149305,36.89386946469258,school,220,1000.0,JT,1,220.0,100.0
S474,37.5877308581307,36.90297548752782,school,130,1000.0,JT,1,130.0,100.0
S475,37.588091324599816,36.90135896302417,school,411,1000.0,JT,1,411.0,100.0
S476,37.58943270789617,36.90085672481644,school,442,1000.0,JT,1,442.0,100.0
S477,37.593113999845485,36.92872405099399,school,228,1000.0,JT,1,228.0,100.0
S478,37.59332978212301,36.929467796736,school,216,1000.0,JT,1,216.0,100.0
S479,37.57497073294368,36.896226023791485,school,206,1000.0,JT,1,206.0,100.0
S480,37.57831769376176,36.87745695363558,school,426,1000.0,JT,1,426.0,100.0
S481,37.581167115470365,36.87352678288459,school,193,1000.0,JT,1,193.0,100.0
S482,37.582245984660325,36.86289928067568,school,175,1000.0,JT,1,175.0,100.0
S483,37.59181136130656,36.89848102115374,school,251,1000.0,JT,1,251.0,100.0
S484,37.52046499158906,36.99149774207262,university,2000,1000.0,JT,1,2000.0,100.0
S486,37.5762004522255,36.92821879173412,university,503,1000.0,JT,1,503.0,100.0
S487,37.586559316789376,36.91991940862622,school,301,1000.0,JT,1,301.0,100.0
S488,37.58765575464077,36.91286193290663,school,887,1000.0,JT,1,887.0,100.0
S492,37.58170578897046,36.878598840693904,school,479,1000.0,JT,1,479.0,100.0
S493,37.58946243517792,36.9021512323221,school,181,1000.0,JT,1,181.0,100.0
S494,37.58827549347497,36.9027835828602,school,175,1000.0,JT,1,175.0,100.0
S495,37.58865964589764,36.901415057020095,school,202,1000.0,JT,1,202.0,100.0
S497,37.56777611115119,36.95554787968479,school,2000,1000.0,JT,1,2000.0,100.0
S499,37.56892797192254,36.96086279963237,school,379,1000.0,JT,1,379.0,100.0
S500,37.60087592295409,36.89658042720957,school,255,1000.0,JT,1,255.0,100.0
S501,37.59887558028841,36.884321451232175,school,215,1000.0,JT,1,215.0,100.0
S502,37.59821183207738,36.88428664329116,school,192,1000.0,JT,1,192.0,100.0
S503,37.596200311119695,36.89498007294422,school,234,1000.0,JT,1,234.0,100.0
S504,37.59466698271019,36.863974013711925,school,157,1000.0,JT,1,157.0,100.0
S505,37.59407632856914,36.86377192996969,school,130,1000.0,JT,1,130.0,100.0
S506,37.58858333337769,36.85371487640279,school,230,1000.0,JT,1,230.0,100.0
S507,37.58929262600834,36.8598215758639,school,333,1000.0,JT,1,333.0,100.0
S508,37.597021065104606,36.84139062223724,school,283,1000.0,JT,1,283.0,100.0
S509,37.59640622855127,36.84111383728746,school,301,1000.0,JT,1,301.0,100.0
S510,37.57183863170646,36.9211002009129,school,249,1000.0,JT,1,249.0,100.0
S511,37.54741961700229,36.93790428354268,school,348,1000.0,JT,1,348.0,100.0
S512,37.57553387194911,36.895745060898506,school,66,1000.0,JT,1,66.0,100.0
S513,37.57560885364442,36.896496268293376,school,153,1000.0,JT,1,153.0,100.0
S514,37.573594565114405,36.89904905444283,school,200,1000.0,JT,1,200.0,100.0
S515,37.57981708065356,36.89747090717286,school,79,1000.0,JT,1,79.0,100.0
S516,37.58418455369435,36.96269811725132,school,350,1000.0,JT,1,350.0,100.0
S517,37.572963801265786,36.92789951542576,school,441,1000.0,JT,1,441.0,100.0
S518,37.57123710147571,36.92841422918905,school,119,1000.0,JT,1,119.0,100.0
S519,37.58880567758528,36.87116015215344,sports_centre,40,1000.0,JT,1,40.0,100.0
S520,37.55073914515784,36.91430936183846,sports_centre,277,1000.0,JT,1,277.0,100.0
S521,37.56704430247224,36.92584335366952,sports_centre,141,1000.0,JT,1,141.0,100.0
S522,37.56701158078742,36.87890236842063,school,384,1000.0,JT,1,384.0,100.0
S523,37.6044600733318,36.82712397203916,school,265,1000.0,JT,1,265.0,100.0
S524,37.59959698842742,36.8947475813241,school,135,1000.0,JT,1,135.0,100.0
S525,37.59108777935669,36.92983841506111,school,67,1000.0,JT,1,67.0,100.0
S526,37.58187654487736,36.90637648245018,school,39,1000.0,JT,1,39.0,100.0
S527,37.5733076241575,36.8906573351515,school,195,1000.0,JT,1,195.0,100.0
S528,37.592277679177535,36.88782805018965,school,313,1000.0,JT,1,313.0,100.0
S529,37.578770540456325,36.910072558656125,school,208,1000.0,JT,1,208.0,100.0
S530,37.59670819095718,36.85551619281417,school,225,1000.0,JT,1,225.0,100.0
S531,37.599702425412616,36.88084857711935,school,219,1000.0,JT,1,219.0,100.0
S532,37.59834274797395,36.906346023010414,school,108,1000.0,JT,1,108.0,100.0
S533,37.579301189174906,36.84885412975929,school,442,1000.0,JT,1,442.0,100.0
S534,37.58504265472313,36.84951883006369,school,220,1000.0,JT,1,220.0,100.0
S535,37.59715751311682,36.881592617855134,school,338,1000.0,JT,1,338.0,100.0
S536,37.59817945454596,36.88101059216756,school,111,1000.0,JT,1,111.0,100.0
S539,37.73198010436989,36.54005712006848,school,120,1000.0,JT,1,120.0,100.0
S540,38.2365098918731,36.93582022207831,stadium,292,1000.0,JT,1,292.0,100.0
S541,38.24049370978207,36.91837084248734,school,229,1000.0,JT,1,229.0,100.0
S543,38.23176892530186,36.94269295306628,school,1259,1000.0,JT,1,1259.0,100.0
S544,38.22554606131736,36.94978114378112,university,1435,1000.0,JT,1,1435.0,100.0
S545,37.58472580007066,36.98288847741257,school,211,1000.0,JT,1,211.0,100.0
S547,37.08289713077842,37.36952205986967,school,202,1000.0,JT,1,202.0,100.0
S548,37.58357058210648,36.97727096395559,school,160,1000.0,JT,1,160.0,100.0
S549,37.09989436084473,37.39253630027228,school,366,1000.0,JT,1,366.0,100.0
S550,37.45789631819682,36.73797993263811,school,30,1000.0,JT,1,30.0,100.0
S551,37.57862540819849,36.95779377901795,school,204,1000.0,JT,1,204.0,100.0
S553,37.579830315067866,36.847964919492526,school,439,1000.0,JT,1,439.0,100.0
S554,37.58029161289352,36.84666994424687,school,638,1000.0,JT,1,638.0,100.0
S555,37.5852262580423,36.84202657770215,school,344,1000.0,JT,1,344.0,100.0
S556,37.58517814331085,36.891052034288826,school,175,1000.0,JT,1,175.0,100.0
S557,37.32049244617812,37.56637906752587,school,290,1000.0,JT,1,290.0,100.0
S562,37.59199014689186,36.8812976216128,school,207,1000.0,JT,1,207.0,100.0
S563,38.25892398828948,36.21052879328002,school,364,1000.0,JT,1,364.0,100.0
S564,38.25862444529734,36.221228049881226,school,306,1000.0,JT,1,306.0,100.0
S565,38.25331829351355,36.22010523325674,school,101,1000.0,JT,1,101.0,100.0
S567,38.26253415354825,36.22620671448186,school,242,1000.0,JT,1,242.0,100.0
S568,38.221651053298,37.19853562325071,school,339,1000.0,JT,1,339.0,100.0
S569,38.21136547744471,37.208756684298365,stadium,503,1000.0,JT,1,503.0,100.0
S570,37.59234429845547,36.85314243036024,school,55,1000.0,JT,1,55.0,100.0
S571,37.13586580860568,37.42578350504971,school,215,1000.0,JT,1,215.0,100.0
S572,37.79625806171867,37.45929798220115,school,536,1000.0,JT,1,536.0,100.0
S573,37.79114362840841,37.47463493829777,school,195,1000.0,JT,1,195.0,100.0
S574,37.60073780015338,36.83053442236905,school,333,1000.0,JT,1,333.0,100.0
S576,37.49219709168985,37.30774063368117,stadium,649,1000.0,JT,1,649.0,100.0
S578,37.58255943455855,36.85764334222878,school,149,1000.0,JT,1,149.0,100.0
S579,37.58049508614486,36.86750866974462,school,185,1000.0,JT,1,185.0,100.0
S580,37.597885991083935,36.828636934220135,school,230,1000.0,JT,1,230.0,100.0
S581,37.59959153073785,36.86565042430697,school,172,1000.0,JT,1,172.0,100.0
S582,37.58660258424317,36.86668167774003,school,130,1000.0,JT,1,130.0,100.0
S583,37.59151432568889,36.93002570252485,school,124,1000.0,JT,1,124.0,100.0
S584,37.58746509984646,36.9294120001579,school,119,1000.0,JT,1,119.0,100.0
S585,37.5888922550585,36.93061950238996,school,173,1000.0,JT,1,173.0,100.0
S586,37.585940866366,36.93513819094692,school,226,1000.0,JT,1,226.0,100.0
S587,37.59378758335451,36.93654705626358,school,149,1000.0,JT,1,149.0,100.0
S588,37.593247031287184,36.93639912163136,school,231,1000.0,JT,1,231.0,100.0
S589,37.56557491960949,36.93419295023878,school,223,1000.0,JT,1,223.0,100.0
S591,37.57050967943029,36.88030375039369,school,117,1000.0,JT,1,117.0,100.0
S592,37.58883490571451,36.90057726329471,school,137,1000.0,JT,1,137.0,100.0
S593,37.57324193006296,36.910015633918256,school,254,1000.0,JT,1,254.0,100.0
S594,37.592152522974025,36.88456811766751,school,259,1000.0,JT,1,259.0,100.0
S595,37.57644782210767,36.91616419118198,school,122,1000.0,JT,1,122.0,100.0
S596,37.58758473966795,36.94139929676695,school,157,1000.0,JT,1,157.0,100.0
S597,37.583490397745486,36.91680513438851,school,156,1000.0,JT,1,156.0,100.0
S598,37.58487526093733,36.88614901975575,school,225,1000.0,JT,1,225.0,100.0
S599,37.5973729396697,36.8804917116142,school,109,1000.0,JT,1,109.0,100.0
S600,37.59713302555387,36.88455780302407,school,193,1000.0,JT,1,193.0,100.0
S602,37.56624312499255,36.9371860298112,school,171,1000.0,JT,1,171.0,100.0
S603,37.56681108205725,36.93692424528331,school,119,1000.0,JT,1,119.0,100.0
S604,37.58452837007003,36.92916900721917,school,70,1000.0,JT,1,70.0,100.0
S605,37.58433720446706,36.92994659952927,school,57,1000.0,JT,1,57.0,100.0
S606,37.588581156409454,36.92420115328667,school,65,1000.0,JT,1,65.0,100.0
S607,37.59404303481052,36.85274084227941,school,135,1000.0,JT,1,135.0,100.0
S609,37.581279023670575,36.88239530478885,school,112,1000.0,JT,1,112.0,100.0
S610,37.59575843037712,36.83858117372907,school,144,1000.0,JT,1,144.0,100.0
S611,37.59177211360412,36.84006945834122,school,129,1000.0,JT,1,129.0,100.0
S612,37.5912931338641,36.84005358119373,school,213,1000.0,JT,1,213.0,100.0
S613,37.58677220611879,36.86608653817517,school,127,1000.0,JT,1,127.0,100.0
S614,37.58840884257464,36.835834857176565,school,125,1000.0,JT,1,125.0,100.0
S615,37.58893183649669,36.839612114631166,school,327,1000.0,JT,1,327.0,100.0
S617,37.59010284474052,36.92076271526523,school,746,1000.0,JT,1,746.0,100.0
S618,37.58971186916098,36.9194230384204,school,70,1000.0,JT,1,70.0,100.0
S619,37.84794527098829,36.87255380136035,school,30,1000.0,JT,1,30.0,100.0
S620,37.84800600032783,36.8789479497242,school,102,1000.0,JT,1,102.0,100.0
S621,37.843850176038416,36.87677677833859,school,297,1000.0,JT,1,297.0,100.0
S622,37.5060163554538,36.999658145447015,school,587,1000.0,JT,1,587.0,100.0
S623,37.50705968931357,36.998100424511264,school,363,1000.0,JT,1,363.0,100.0
S625,37.59766311260575,36.92442344537154,school,332,1000.0,JT,1,332.0,100.0
S626,37.5978053172356,36.9237882556169,school,161,1000.0,JT,1,161.0,100.0
S627,37.00616336796228,37.30680369188926,school,888,1000.0,JT,1,878.0,98.9
S641,37.187413442568,37.27793912394027,school,339,1000.0,JT,1,339.0,100.0
S642,37.58565316487367,36.84352842711103,school,430,1000.0,JT,1,430.0,100.0
S643,37.06694050072464,36.21039799767215,school,1406,1000.0,JT,1,1406.0,100.0
S644,37.59496471912324,36.84896058070112,university,82,1000.0,JT,1,82.0,100.0
S646,37.59505222140331,36.83363331819747,school,195,1000.0,JT,1,195.0,100.0
S647,37.585203569042456,36.87319557249229,school,139,1000.0,JT,1,139.0,100.0
S648,37.591142598580326,36.95669724663406,school,133,1000.0,JT,1,133.0,100.0
S649,37.61729097935615,36.80751617971784,school,185,1000.0,JT,1,185.0,100.0
S650,38.22136409996648,36.92137379623836,school,449,1000.0,JT,1,449.0,100.0
S651,37.592687636115606,36.87697191063845,school,173,1000.0,JT,1,173.0,100.0
S652,37.5871984348808,36.90319723107822,school,172,1000.0,JT,1,172.0,100.0
S653,37.59831645573354,36.895589652398186,school,226,1000.0,JT,1,226.0,100.0
S654,37.74723571097953,37.52512131164312,school,90,1000.0,JT,1,90.0,100.0
S655,37.596366669977016,36.87512612559043,school,523,1000.0,JT,1,523.0,100.0
S656,37.58497541310923,36.9888294160197,school,139,1000.0,JT,1,139.0,100.0
S657,37.55111770076847,36.94640723719665,school,254,1000.0,JT,1,254.0,100.0
S660,37.07943337116196,36.28780791540479,school,220,1000.0,JT,1,220.0,100.0
S662,37.57979425403745,36.96624372752038,school,506,1000.0,JT,1,506.0,100.0
S663,37.5708578975342,36.96193266763215,school,247,1000.0,JT,1,247.0,100.0
S674,37.59456844311729,36.76643212430268,school,506,1000.0,JT,1,506.0,100.0
S675,37.58923834611125,36.90575120747074,school,111,1000.0,JT,1,111.0,100.0
S676,37.590800784065735,36.8459989549374,school,302,1000.0,JT,1,302.0,100.0
S677,37.5884431741003,36.92074631511042,school,102,1000.0,JT,1,102.0,100.0
S678,37.54541134476399,36.928562072300885,school,300,1000.0,JT,1,300.0,100.0
S679,37.54590297839105,36.928561333088,school,130,1000.0,JT,1,130.0,100.0
S680,38.20825974931932,37.21625105619499,school,226,1000.0,JT,1,226.0,100.0
S681,38.2042237321797,37.20542947031221,school,650,1000.0,JT,1,650.0,100.0
S682,38.19630249264452,37.19371043631404,school,30,1000.0,JT,1,30.0,100.0
S683,38.196314576941646,37.194161142107525,school,30,1000.0,JT,1,30.0,100.0
S684,37.58769794791783,36.91417773402974,school,164,1000.0,JT,1,164.0,100.0
S685,37.581476187787565,36.922782319453546,school,129,1000.0,JT,1,129.0,100.0
S686,37.57723697594126,36.9215194974586,school,127,1000.0,JT,1,127.0,100.0
S687,37.57858591321004,36.9557014377721,school,147,1000.0,JT,1,147.0,100.0
S688,37.577970623217325,36.95557077627961,school,206,1000.0,JT,1,206.0,100.0
S689,37.580560341689726,36.94692034346923,school,108,1000.0,JT,1,108.0,100.0
S690,37.57806177111794,36.94011812900356,school,156,1000.0,JT,1,156.0,100.0
S692,37.39290331631374,37.15983782708136,school,160,1000.0,JT,1,160.0,100.0
S693,37.58216979176812,36.85045961768369,school,239,1000.0,JT,1,239.0,100.0
S694,37.08774020023877,37.34813242261936,school,500,1000.0,JT,1,500.0,100.0
S697,37.12388016489218,37.38258040591556,stadium,2000,1000.0,JT,1,2000.0,100.0
S698,37.58583832278869,37.7096591839199,school,67,1000.0,JT,1,67.0,100.0
S699,37.58702101781741,37.729282598126495,school,263,1000.0,JT,1,263.0,100.0
S700,37.58618317528829,37.72951210183791,school,128,1000.0,JT,1,128.0,100.0
S701,37.587804914331095,37.73476920886223,school,42,1000.0,JT,1,42.0,100.0
S702,37.53393560652019,36.96545362738234,school,121,1000.0,JT,1,121.0,100.0
S704,37.398377055956566,37.63079102844839,school,120,1000.0,JT,1,120.0,100.0
S706,37.22191370429751,37.37604106775801,school,89,1000.0,JT,1,89.0,100.0
S707,37.22182960962679,37.37674321381613,school,81,1000.0,JT,1,81.0,100.0
S715,38.23723161744975,36.935169251543726,sports_centre,49,1000.0,JT,1,49.0,100.0
S716,38.26105329505413,36.92155576745806,sports_centre,91,1000.0,JT,1,91.0,100.0
S721,38.23722723705591,36.931285081258366,school,236,1000.0,JT,1,236.0,100.0
S722,38.23630891654052,36.93566881481233,social_facility,2000,1000.0,JT,1,2000.0,100.0
S727,37.573880630212976,36.93380559829755,university,38,1000.0,JT,1,38.0,100.0
S728,37.06116227162186,37.41250196186112,sports_centre,468,1000.0,JT,1,468.0,100.0
S729,38.00017235580519,37.54382568066295,school,86,1000.0,JT,1,86.0,100.0
S732,37.01675156900635,37.1894659479839,school,195,1000.0,JT,1,195.0,100.0
S748,37.57990440887651,36.867759984081545,school,108,1000.0,JT,1,108.0,100.0
S749,37.605549020402464,36.8226373538522,school,104,1000.0,JT,1,104.0,100.0
S750,37.553512841275456,36.917134693428174,stadium,829,1000.0,JT,1,829.0,100.0
S752,37.24916493197874,36.45922388374664,school,91,1000.0,JT,1,91.0,100.0
S753,37.22968147642418,36.44578625606245,school,172,1000.0,JT,1,172.0,100.0
S756,37.42631728583644,36.285965331590255,school,149,1000.0,JT,1,149.0,100.0
S757,38.257828321149816,36.92785509889888,school,584,1000.0,JT,1,584.0,100.0
S760,37.51526737690342,36.966584876584896,school,355,1000.0,JT,1,355.0,100.0
S765,38.19333664674773,37.21620395178424,school,337,1000.0,JT,1,337.0,100.0
S766,37.0184386975658,37.2571861859376,school,900,1000.0,JT,1,900.0,100.0
S768,37.24703886280877,37.68848229934635,school,209,1000.0,JT,1,209.0,100.0
S769,38.259259550509874,36.208813916041365,school,442,1000.0,JT,1,442.0,100.0
S772,37.10288442603153,37.426682705534574,school,358,1000.0,JT,1,358.0,100.0
S774,37.06725635872221,36.25904656811945,school,785,1000.0,JT,1,785.0,100.0
S777,37.100714171589175,37.39204957476116,school,130,1000.0,JT,1,130.0,100.0
S778,38.470925476192,37.58706238964693,school,204,1000.0,JT,1,204.0,100.0
S779,38.46473410556864,37.58504578941869,school,155,1000.0,JT,1,155.0,100.0
S780,37.22363909917898,37.35550846294555,school,809,1000.0,JT,1,809.0,100.0
S781,37.41981438458616,36.756512444727136,school,191,1000.0,JT,1,191.0,100.0
S784,38.20032364148612,37.150561976154165,school,60,1000.0,JT,1,60.0,100.0
S785,37.22586613803702,37.374830679066,school,198,1000.0,JT,1,198.0,100.0
S786,37.22626089852917,37.37506662928126,school,160,1000.0,JT,1,160.0,100.0
S789,37.11441458004391,37.39093626599208,school,210,1000.0,JT,1,210.0,100.0
S790,37.11392737710636,37.39126320266711,school,109,1000.0,JT,1,109.0,100.0
S791,38.18424847808575,37.22253011541298,sports_centre,113,1000.0,JT,1,113.0,100.0
S792,38.329362990401975,36.76294322029631,school,66,1000.0,JT,1,66.0,100.0
S794,37.41800534675867,37.68155981390487,university,151,1000.0,JT,1,151.0,100.0
S802,37.35528912630007,36.82438284166759,university,2000,1000.0,JT,1,2000.0,100.0
S804,37.027254292996574,36.6340008475921,school,95,1000.0,JT,1,95.0,100.0
